predictor,frequency,duty_cycle,peak_period,peak_fraction,evalue,on_period_ir_required
lty,Monthly,0.4,202112,0.9499478623566214,1.912477171796513,0.3952847075210474
ltr,Monthly,0.0,194601,0.0,1.0,
tbl,Monthly,0.6,202112,0.9499478623566214,3.4799517314210227,0.3227486121839514
d/p,Monthly,0.4,195712,0.14911366006256518,1.4472057113111225,0.3952847075210474
d/y,Monthly,0.5,195712,0.14911366006256518,1.1356286606806218,0.35355339059327373
e/p,Monthly,0.2,194601,0.0,1.0,0.5590169943749475
d/e,Monthly,0.5,195309,0.09593326381647549,1.466613090624684,0.35355339059327373
b/m,Monthly,0.2,194601,0.0,1.0,0.5590169943749475
tms,Monthly,0.4,198708,0.5203336809176226,3.922755956220588,0.3952847075210474
dfy,Monthly,0.4,199411,0.6110531803962461,1.395719192406209,0.3952847075210474
dfr,Monthly,0.0,194601,0.0,1.0,
infl,Monthly,0.7,199906,0.6684045881126173,5.71074856872827,0.2988071523335984
ntis,Monthly,0.4,198708,0.5203336809176226,2.8400563301537476,0.3952847075210474
svar,Monthly,0.5,200902,0.7893639207507821,1.2415931857939995,0.35355339059327373
csp,Monthly,0.7,202205,0.9371345029239766,4.302344752342967,0.2988071523335984
vp,Monthly,0.1,200606,0.2755417956656347,1.0152878075790588,0.7905694150420948
impvar,Monthly,0.3,200708,0.2542372881355932,1.1463411701416197,0.45643546458763845
vrp,Monthly,0.4,201701,0.7019498607242339,2.042725016650985,0.3952847075210474
lzrt,Monthly,0.4,200902,0.7893639207507821,1.9323014876007762,0.3952847075210474
ogap,Monthly,0.6,202510,0.9979144942648592,5.768838551371408,0.3227486121839514
wtexas,Monthly,0.6,200808,0.7831074035453598,7.473955743181951,0.3227486121839514
sntm,Monthly,0.3,200409,0.6015625,5.923720611175665,0.45643546458763845
ndrbl,Monthly,0.6,200107,0.605121293800539,4.573123546331265,0.3227486121839514
skvw,Monthly,0.0,194711,0.022940563086548488,1.0354521220618673,
tail,Monthly,0.4,194609,0.008342022940563087,1.0813240790465932,0.3952847075210474
fbm,Monthly,0.4,198207,0.456725755995829,1.3254419299569542,0.3952847075210474
dtoy,Monthly,0.3,197409,0.3587069864442127,1.2347096649554128,0.45643546458763845
dtoat,Monthly,0.4,198207,0.456725755995829,1.7005260017073827,0.3952847075210474
ygap,Monthly,0.0,195805,0.0,1.0,
rdsp,Monthly,0.4,200902,0.7893639207507821,1.2600125691346387,0.3952847075210474
rsvix,Monthly,0.8,200302,0.0711864406779661,1.1609399609709228,0.2795084971874737
tchi,Monthly,0.0,200902,0.7403598971722365,1.2440556074909348,
avgcor,Monthly,0.2,194602,0.0010427528675703858,1.0216499863769448,0.5590169943749475
shtint,Monthly,0.3,198302,0.0,1.0,0.45643546458763845
disag,Monthly,0.4,200902,0.5674518201284796,2.1061312009259177,0.3952847075210474
lty,Quarterly,0.5,20214,0.9498432601880877,1.4367168929777339,0.35355339059327373
ltr,Quarterly,0.5,19461,0.0,1.0,0.35355339059327373
tbl,Quarterly,0.5,20214,0.9498432601880877,1.606480906671747,0.35355339059327373
d/p,Quarterly,0.5,19574,0.14733542319749215,1.2183950721022299,0.35355339059327373
d/y,Quarterly,0.5,19863,0.5078369905956113,1.1249937372090855,0.35355339059327373
e/p,Quarterly,0.3,19461,0.0,1.0,0.45643546458763845
d/e,Quarterly,0.5,19533,0.09404388714733543,1.173889641649772,0.35355339059327373
b/m,Quarterly,0.2,19461,0.0,1.0,0.5590169943749475
tms,Quarterly,0.4,19873,0.5203761755485894,1.778119303593008,0.3952847075210474
dfy,Quarterly,0.6,20091,0.7899686520376176,1.2013293565341323,0.3227486121839514
dfr,Quarterly,0.3,19463,0.006269592476489028,1.0546887074994473,0.45643546458763845
infl,Quarterly,0.1,19461,0.0,1.0,0.7905694150420948
ntis,Quarterly,0.5,19873,0.5203761755485894,1.3636110575297655,0.35355339059327373
svar,Quarterly,0.1,19461,0.0,1.0,0.7905694150420948
cay,Quarterly,0.3,19994,0.6204379562043796,2.961547264656667,0.45643546458763845
i/k,Quarterly,0.8,19934,0.564625850340136,5.87115025550807,0.2795084971874737
csp,Quarterly,0.4,19762,0.13157894736842105,1.7720983200163862,0.3952847075210474
pce,Quarterly,0.0,20223,0.9490196078431372,1.0617873865827216,
vp,Quarterly,0.5,20063,0.2803738317757009,1.5930111429969502,0.35355339059327373
impvar,Quarterly,0.4,20032,0.07216494845360824,1.1676970586126985,0.3952847075210474
vrp,Quarterly,0.6,20124,0.5630252100840336,4.75553971439153,0.3227486121839514
govik,Quarterly,0.4,20001,0.6496598639455783,1.3389533533009161,0.3952847075210474
lzrt,Quarterly,0.3,19702,0.30407523510971785,1.7822023247149499,0.45643546458763845
crdstd,Quarterly,0.5,20091,0.4462809917355372,2.6795426280245023,0.35355339059327373
ogap,Quarterly,0.8,20214,0.9498432601880877,4.837642303510601,0.2795084971874737
wtexas,Quarterly,0.5,20113,0.8213166144200627,1.4640909544443161,0.35355339059327373
sntm,Quarterly,0.3,20051,0.6084905660377359,5.328230696671045,0.45643546458763845
ndrbl,Quarterly,0.4,20001,0.582995951417004,1.247055964968739,0.3952847075210474
skvw,Quarterly,0.0,19461,0.0,1.0,
tail,Quarterly,0.1,19461,0.0,1.0,0.7905694150420948
fbm,Quarterly,0.4,19822,0.45454545454545453,1.0900981869472761,0.3952847075210474
dtoy,Quarterly,0.1,19574,0.14733542319749215,1.12756992232697,0.7905694150420948
dtoat,Quarterly,0.4,19822,0.45454545454545453,1.3589179811700363,0.3952847075210474
ygap,Quarterly,0.0,19584,0.0037174721189591076,1.0002223039180493,
rdsp,Quarterly,0.2,19743,0.3573667711598746,1.0054897892476469,0.5590169943749475
rsvix,Quarterly,0.6,20033,0.08247422680412371,1.379464767217435,0.3227486121839514
tchi,Quarterly,0.0,19562,0.0,1.0,
avgcor,Quarterly,0.3,20203,0.9341692789968652,1.440131476214368,0.45643546458763845
shtint,Quarterly,0.0,19783,0.005263157894736842,1.0000202074375906,
disag,Quarterly,0.6,20091,0.567741935483871,1.2246353132486196,0.3227486121839514
lty,Annual,0.4,1999,0.6708860759493671,1.6607016184357433,0.3952847075210474
ltr,Annual,0.6,1986,0.5063291139240507,2.130010981928393,0.3227486121839514
tbl,Annual,0.6,1999,0.6708860759493671,1.546090767869109,0.3227486121839514
d/p,Annual,0.5,1985,0.4936708860759494,1.8336545100485093,0.35355339059327373
d/y,Annual,0.5,1953,0.08860759493670886,1.3670626700308974,0.35355339059327373
e/p,Annual,0.2,1951,0.06329113924050633,1.2588398909500396,0.5590169943749475
d/e,Annual,0.4,1955,0.11392405063291139,1.3654018407169983,0.3952847075210474
b/m,Annual,0.4,1954,0.10126582278481013,1.273984794694044,0.3952847075210474
tms,Annual,0.5,1946,0.0,1.0,0.35355339059327373
dfy,Annual,0.5,1965,0.24050632911392406,1.013736407628799,0.35355339059327373
dfr,Annual,0.5,1982,0.45569620253164556,1.2641543780567452,0.35355339059327373
infl,Annual,0.3,1946,0.0,1.0,0.45643546458763845
eqis,Annual,0.7,1999,0.6708860759493671,1.929865653946252,0.2988071523335984
ntis,Annual,0.5,1994,0.6075949367088608,1.0862221213872874,0.35355339059327373
svar,Annual,0.2,1955,0.11392405063291139,1.1606667395196517,0.5590169943749475
cay,Annual,0.4,1999,0.6231884057971014,1.0286811089762438,0.3952847075210474
i/k,Annual,0.5,2021,0.9402985074626866,1.5781099667458196,0.35355339059327373
csp,Annual,0.4,1970,0.0,1.0,0.3952847075210474
pce,Annual,0.6,2022,0.9508196721311475,2.126371126557843,0.3227486121839514
govik,Annual,0.6,1999,0.6119402985074627,1.6397576303016201,0.3227486121839514
lzrt,Annual,0.6,2017,0.8987341772151899,2.0687050270033716,0.3227486121839514
skew,Annual,0.1,1981,0.2413793103448276,1.095805045063426,0.7905694150420948
ogap,Annual,0.8,2021,0.9493670886075949,4.956650622307866,0.2795084971874737
wtexas,Annual,0.4,1991,0.569620253164557,1.1452489309206582,0.3952847075210474
accrul,Annual,0.3,2006,0.6122448979591837,1.3179985916050196,0.45643546458763845
cfacc,Annual,0.6,2025,1.0,1.0884058663618998,0.3227486121839514
sntm,Annual,0.3,2004,0.5531914893617021,1.150488348110693,0.45643546458763845
ndrbl,Annual,0.7,2022,0.9464285714285714,3.1401860492968465,0.2988071523335984
skvw,Annual,0.3,2022,0.9620253164556962,1.5439481786869667,0.45643546458763845
tail,Annual,0.8,2024,0.9873417721518988,2.6011234181807916,0.2795084971874737
fbm,Annual,0.5,1956,0.12658227848101267,1.4552440481007551,0.35355339059327373
dtoy,Annual,0.5,1965,0.24050632911392406,1.013736407628799,0.35355339059327373
dtoat,Annual,0.5,1949,0.0379746835443038,1.0454331367895662,0.35355339059327373
ygap,Annual,0.0,1965,0.01639344262295082,1.0000705566526578,
rdsp,Annual,0.2,1965,0.24050632911392406,1.013736407628799,0.5590169943749475
gpce,Annual,0.8,2023,0.9701492537313433,2.5869526493741635,0.2795084971874737
gip,Annual,0.5,1952,0.0759493670886076,1.127405432114422,0.35355339059327373
tchi,Annual,0.4,1973,0.1746031746031746,1.2518890564766023,0.3952847075210474
house,Annual,0.5,1965,0.24050632911392406,1.013736407628799,0.35355339059327373
avgcor,Annual,0.5,1965,0.24050632911392406,1.013736407628799,0.35355339059327373
shtint,Annual,0.7,1984,0.0,1.0,0.2988071523335984
