rep,ridge_cw_zero,ridge_cw_mean,ridge_cw_mean_nw,ridge_dm_zero,gbm_cw_zero,gbm_cw_mean,gbm_cw_mean_nw,gbm_dm_zero,mean_cw_zero
0,0.568284277006605,0.5525972995974242,0.5310839114087051,2.327669419065486,-0.256738372561233,-0.3077426557455225,-0.3097020226920549,1.853894503270798,-0.06454911819844425
1,0.6489162733101123,-0.19739212092431085,-0.1826307166048881,1.7655001178964957,2.359039214520723,1.5661515842636538,1.6937466411159952,-0.5847435630108251,2.0438651056243886
2,-1.1460825988364545,-1.1887938416853854,-1.3006139769495053,3.2425530293383615,-1.8491103188208087,-1.9625745176363905,-2.1188382595495634,2.499832425134786,-0.22995586007790889
3,-0.7020470187396892,-1.7091340160995876,-1.6733243573552659,2.6991185379084843,0.2748148284581665,-1.2448214243060272,-1.398581456953678,1.3397421054338616,1.7058951938143314
4,1.0993490273371869,1.310925614717623,1.2145212929513904,1.2769806020285885,-0.1782647279001944,-0.019087747339484807,-0.019833365028825895,1.8158934229962995,-0.2779182945438623
5,-0.2947028212090859,-0.8621072445251056,-0.8184321969295165,2.5583541754508348,0.6432148151380623,-0.27079394675153495,-0.24661182384872773,1.0490435497749697,1.9492434016259121
6,0.213115655923362,-0.1227552053391878,-0.12582499200333003,1.6576741884977908,-0.14121741380239475,-0.5970890718412648,-0.594786375798835,1.6287785362137606,0.7119129029325291
7,0.9594289560958186,0.8406867064410529,0.8193802080734252,3.153359024181463,-0.3930336398174954,-0.46066720399773,-0.46682927452292416,2.06292977022875,-0.12787530445488823
8,-0.08163109313518603,-0.20518027811987177,-0.19560167725820155,3.294498567898381,0.20279873106480384,0.33825019170242276,0.38128220693906256,1.3291848656899419,-0.2400682214818396
9,-1.5853784631441448,-1.7005205885118664,-1.6736285369698298,3.241000609275968,-1.0201300885908413,-1.058334612933478,-1.0199699462595753,2.743400462019339,-0.4766442023007815
10,-2.214987411580273,-2.1094796426921354,-2.0631946509385117,4.222069328163571,-0.36226042546914616,-0.2367713915280968,-0.2504516848320578,1.3147332387778572,-0.9970429143253435
11,-0.4822748067604145,-1.0870147977528082,-1.157591784262131,2.5982977780140093,-1.4344494087724369,-1.9953012549454066,-1.8588513157066011,2.8280305130383905,0.8694643958816703
12,-0.35653300200337046,-0.6363417995947008,-0.6587411269488118,2.1222913375286327,-0.09953732432582763,-0.3927451455717773,-0.3954720529149606,1.734381952409454,1.322347964780195
13,0.9042101721326531,0.8882615001204386,0.8649284609625508,1.6015554051298453,1.0769266370802808,1.1089328415668218,1.1407657928673145,0.7113323078948507,0.042782223100042246
14,0.997919636841407,1.043683707734237,1.1060457957719951,2.2535125915230023,0.0576362509738695,-0.9074811738916441,-0.9209966851147866,1.3874354181791309,0.3086768867888698
15,-1.8240819152797876,-2.0992420507918066,-1.9024638682211976,3.548294475090037,0.3713914262149147,0.39758361574035966,0.36370084322596474,1.4634295379858981,-0.01626335607396854
16,-0.22890256822111213,-0.786955047282132,-0.8479627471320492,2.7030783124696653,1.9602874300006805,1.101424878846329,1.2502234502228635,-0.29290606091587107,1.6286738090174493
17,1.3009692217339732,-0.052280534533666184,-0.05419557790541776,2.211622738099202,2.4012018117044587,1.1214731956891943,1.303733708466423,0.5391068373795138,2.114230607837895
18,-0.9703467245331192,-0.8644290652738323,-0.8050629430864737,2.768305981065519,0.6729149317076721,0.8868597211692663,0.8152847690734579,0.7629316262681629,-0.9545684750081594
19,0.3856114987386373,0.4492853378338762,0.43494938496413715,1.9387775448552786,0.5634780077633995,0.7645544723355797,0.7993232781803682,1.620351502468428,-0.28674371944110844
20,0.3926704177364348,0.4805646818003551,0.5112826743677803,2.375636353820647,-0.1336317279179275,0.15348486809641354,0.16374472805343196,1.719236278403481,-1.3194246048322793
21,-1.2665097778444743,-0.9911835340498822,-1.0253496814649865,3.2697520414993804,-0.6811855049118449,-0.3345578719701048,-0.3506705762342805,1.832663069581345,-1.0438084676591286
22,-0.2184733435842783,-0.41152408868582013,-0.3929461931791537,2.671756716950146,-0.2157570223696957,-0.20798369930192007,-0.1823013185111937,1.783773396070306,-0.2581572087655057
23,0.7110499087688618,0.71921981417589,0.7412228139629923,1.9207096457844814,-0.5852373928339893,-0.6197170171360977,-0.6822883455730098,1.654849432269174,-0.033847564115300724
24,1.1468728632423446,-0.2224790856451229,-0.2265685856838563,1.2738000044818705,1.6661407539783584,0.2397090433749756,0.2675293192774026,-0.21582203248913506,2.548795080437037
25,-0.3604660972661578,-0.29764724735271564,-0.316265667496489,3.196235307604703,0.8524783810484678,1.033019101033973,1.088916010911365,1.1299889532856573,-0.9985058084523942
26,1.2559805022811923,-1.010414355373727,-1.027902882923174,1.3654732613565228,2.518706718764489,0.23689671376870597,0.23385309018157574,-0.553100008572598,3.2129412112487845
27,-0.9451203713110434,-0.7719780491053188,-0.7695968130535876,3.9064131244685525,-0.46615341030802643,-0.272231856600734,-0.2677995761463482,2.376449455074503,-1.425720725587593
28,1.5117188919598192,0.03643298317183724,0.03824551412518191,1.2069183656723175,1.668884459896718,-0.9241035332186256,-1.0798160255311127,1.492224144105004,1.991505435577299
29,-1.3019358551894864,-1.5233524034600192,-1.5878299137815985,3.4343351610773585,0.3796971494103055,0.27626930447250375,0.2998014744720118,0.9863004020697788,0.2757936292565024
30,0.9506158425968649,1.0545624753161265,1.0772567889240492,1.8269263892918668,-0.62050090518227,-0.47265007689901584,-0.4940531577568652,2.2093834885365347,-0.38805375297815664
31,-0.2562123929936307,-1.1252220161545807,-1.2228541670821336,2.3923095885190526,2.18231956877907,1.49533138569919,1.353762027089357,0.30914211451466345,1.4046452482834721
32,1.436243461241873,0.5410897263542332,0.5167997861356095,0.9588983528834258,1.8362070981860443,0.8605015362363528,0.7478620294906634,0.19225548982814383,1.6461131381287186
33,2.108927931816332,1.4264107146857519,1.4548833562433972,0.8511237891918316,0.11729520905841666,-1.1876135316890493,-1.2483782986499476,2.0407665324538136,1.6274902182117224
34,0.2555251515637114,0.19876623001267016,0.19523833526130457,2.054925249312465,0.03809938868184919,-0.07204390205641864,-0.07043820660672201,1.8598913416861516,0.3579402165450389
35,1.5179251537991287,0.7880426303048769,0.8432741905118571,2.0028849669665116,1.5702533967289913,0.08897635816543668,0.1101041962931752,0.23778723892427706,1.7980141093379323
36,-1.3732121653292484,-1.3770994830815517,-1.3709222916347097,2.975148535749934,-0.898739288021153,-0.8037475715128285,-0.7400442403907892,2.350096648512825,-0.7224117768691711
37,-1.3667368032905305,-1.608277302446719,-1.5965342129974607,4.5234190175989015,-0.05958468579463015,-0.1911174358535603,-0.20785606343259505,1.60327468244209,-0.22829621492102495
38,2.2144083991683936,0.9290095274301494,0.9128520110931677,0.7159499567941681,2.545642229809369,0.6628680655804438,0.6229413804427416,-0.40122255358139247,2.6385439972829174
39,0.15968384331677368,0.249474894295034,0.26906310695566554,1.5119010707221028,0.9625842538477705,1.0439971875192406,1.0033529682335185,0.6210699537826511,-0.3182802104988742
40,-1.196453312237003,-1.198702489761556,-1.1718005401499154,3.279577939912301,-0.15637472602022037,-0.1609909063511597,-0.16113122165237204,1.7759623549008245,-0.11353699889865569
41,-0.08873000141942684,-0.9487481246493907,-1.008902328695902,3.5185749439533613,1.237206355049742,0.5459360638845813,0.5824508235749059,0.7293694386934897,1.0677343982345822
42,-0.12230331197189188,-0.08455763388566497,-0.0930701420280434,2.6070251546931194,-1.0745784966325498,-0.9283710921841818,-0.9098129068277325,2.3596105945889936,-0.5337336567227026
43,1.6754592769669139,1.3748467414270653,1.3949949459497266,1.541796723633422,0.14526191890086912,-0.31070873972336344,-0.33190228488623996,1.1238996413125184,0.8674891920813294
44,0.16609345731156966,-0.15955826099488296,-0.16979564765824762,2.124730241572412,0.4874355477591558,0.275097793058799,0.2387625553501068,0.9614427574615881,1.0073904227106476
45,2.193844348894085,1.696582610199357,1.8272212451343643,0.06126174575150969,2.1761658711639917,1.5325216068905696,1.8072116133787626,0.013525872022850544,1.667496937189623
46,2.2421405920008786,1.6814819166512311,1.7258554288218282,1.0299463494714958,1.5730723776401978,0.36903654094378413,0.3705300450807457,0.2566718253227161,2.1829083876502704
47,0.6540340563112591,-0.4657547713279652,-0.4552822483845658,1.9407493221416412,1.205345211739078,-0.19257625330151307,-0.21911574454347166,1.1173822655574226,1.4012735063886859
48,1.2278243848018948,1.0559914816511151,1.0646094569045994,1.1439059633270285,0.25961364196287134,-0.04554239580331937,-0.04976278154653146,0.6303427584943944,0.44023785857840847
49,-0.5314440849062414,-0.41786396309138557,-0.4367964278084514,3.246127656317838,-0.42022919114119667,-0.22776228430207424,-0.22704361592814878,2.227251575244187,-0.798478370836787
50,2.5618318868722056,2.4189235236947804,2.4378550040051294,0.35935845821194146,0.9301205294230146,0.683091190303939,0.7441733737071048,0.42483996644189553,0.8978629372773329
51,-1.3362914045175043,-1.6351939143515626,-1.8460250695286187,3.4251811852123546,0.49445087981234054,0.13705763501106766,0.13265183619042692,1.1568166376402518,0.318650183639943
52,-2.0235479347254395,-1.628985046674169,-1.6517316624213148,4.290687798380818,0.5772414667557518,0.8715544280898995,0.7061885932179846,0.4776393522552082,-1.4402171736939362
53,-0.22127390397276128,-1.2266049189584156,-1.29083486746392,2.4589952714511556,1.0165597630910508,-0.05636394220049359,-0.05826491192557263,0.5704947441300974,1.3591006899696394
54,0.6066540784598841,-0.3572104603566376,-0.366652834436713,2.0545689244371848,-0.083637344401001,-2.6493035548677493,-2.5806991005480073,2.0212057910974486,1.520102825995988
55,1.516155047821176,1.2566442501346933,1.163931879649404,1.5298956986864805,-0.3144417541114064,-0.9012469085191691,-0.7219655074988123,2.0289611615626075,0.8425601846931853
56,-0.6089827134609223,-0.7770213906045631,-0.6930154199288754,2.471704604793431,-0.08815381233702087,-0.30029363874893406,-0.306080256103417,1.4513115764992084,0.403444226730243
57,-0.48058856168224656,-0.3201099706740289,-0.32116752803596166,3.0872876480463907,0.19430726555860925,0.705824110085599,0.6919137912524538,0.8496007690893038,-1.9735320421784945
58,0.7414589166157484,0.34130568323512805,0.40635792987456815,1.885125381336473,2.7224962395855026,2.3698020547600875,2.445194767852243,-0.7749338370958879,1.3800472864828512
59,-0.550450990079472,-0.47960914783514563,-0.45016269178191587,2.0377084488062054,-0.23270838257864723,-0.010328983908137144,-0.009409519447349551,1.5383622608972236,-0.3350560503359414
60,0.17225068532530338,-1.9685800164184981,-2.1119805556992515,2.5597661955629682,1.8242122271392498,-0.4240298118695494,-0.42919480577215996,0.6281623239056178,2.0617633473139487
61,0.4695147527826334,-0.35204075180823646,-0.36339353694506754,1.8824064875726843,1.6141566014170845,0.716490769812042,0.7393242660915558,0.1735204794238094,1.785312723639267
62,-0.6601162951673984,-0.5814820234123111,-0.5619785310570219,2.7308266857445367,-1.4489058562458474,-1.3577301082362654,-1.3914686048124711,2.4279458029989827,-0.3893378788891785
63,0.8647281588660327,0.8545226686708141,0.8736601480854373,1.1315435312818911,0.09609191182130092,0.07240484089559492,0.0709721678230682,1.4658588888085355,0.3099766784274248
64,0.931743403461147,1.0612539236686085,0.9316200749265955,2.021324038341531,0.23977062088131496,0.2287215780380391,0.2573456481601808,1.7395850622136455,-0.35608046761198414
65,1.9738126311592619,1.919591339667036,1.8564112130073576,1.2706477912191578,2.8619837164894535,2.8256602278289855,2.5842608612506726,-0.685843690079602,0.34826198765327127
66,0.34855037246950493,-0.9496581328134217,-0.9579355512151215,2.094505417885891,1.6423919068581174,0.3711004078492723,0.40193544136473003,0.8270601940837801,1.6371311101410329
67,1.4808753424371055,0.35751415712515183,0.3700691304226583,1.714664896435035,1.5144767454198638,-0.08569658587245979,-0.09962708322273044,0.36572998832909726,3.0669393180520186
68,0.031191345525428835,-1.1216005522245762,-1.1801627108115806,3.380993133685398,0.5357760124161716,-0.8730933797979942,-0.7798392119373403,1.7496287820290808,1.3759034417851077
69,-0.47254044670742007,-0.968367780891017,-1.1153694807419736,2.5816754926497762,0.3147603154402517,-0.2509089151818744,-0.2343857093855501,1.1994839917773703,0.9121975398979072
70,2.024636427400579,1.6509775894620764,1.4924681889770215,1.467848373599381,-0.07952918292851836,-0.7091520075517149,-0.7213388545397124,2.161511644129091,1.272741436298454
71,1.6835813855995556,0.9534099868768231,1.0609576265506506,1.459834564618326,1.8225326019187786,0.38331102628126074,0.43887406471751145,0.12156202603065605,2.109025442469607
72,-0.1806006065161031,-0.15068279298778262,-0.16312773259781185,2.2083334789025426,0.24101860726288363,0.40070689708360685,0.39063916611072813,0.656508508467669,-0.3584551495874784
73,1.4005961677241947,0.8797608725468338,0.7426683882583701,1.405997950590466,0.6609770901025767,-1.422476564044563,-1.058737470376908,1.450223855109079,1.5583847298971225
74,1.6167551632273514,1.3116806236164555,1.3235364942388825,1.1497820769049112,1.3651994556523355,1.037073154477556,0.978640838981834,0.6509639337629866,1.0521671333066585
75,0.3338792259092675,-0.4311744974633498,-0.41123357969635327,2.3482075015351893,0.1546297210275274,-0.9665398812105302,-1.0281997818122302,2.1059538699539546,1.6439314057172074
76,0.12796097543738708,0.14566656674270434,0.15871220546650966,1.9279609628046908,1.718334696552666,1.8425623071255508,2.0782040487474163,0.19698931172819242,-0.3754769858975949
77,0.787604449330857,0.7976182453173664,0.6892202512887161,1.8711121991312016,0.5335708939980247,0.656293658149727,0.653430026695491,1.171874881916421,-0.08543042360666399
78,-0.3122089669704536,-1.0790940130224063,-1.168075057987909,2.844172535737545,1.3461201081171592,0.11426392188069255,0.12170255857141826,0.3774236748029467,1.8430412665982405
79,-0.6975879668215772,-0.7305704914770214,-0.7020588380587451,2.4385958167518664,-0.695374617307146,-0.867564615245487,-0.8159946812034439,1.5073013284905536,-0.13323955081345068
80,1.8562140236141507,1.3195735881796433,1.3681310997104592,0.7572085090258308,2.904100985954046,2.482761924828108,2.641735397094151,-0.37822975107538026,1.4163562844104476
81,-0.7640408846962472,-0.2904867699970934,-0.2728108525021844,2.9999659974978177,-2.2428362973766554,-1.476851986658863,-1.4475696262256375,3.327859556552036,-2.041697160594003
82,0.9670076306372956,0.2548865463162064,0.24043355999442534,1.712363335139698,1.7787625792727086,1.1320434960869459,1.1031886087273024,-0.2172834999001861,1.3071256397217288
83,0.003506734004758686,0.07910429343262886,0.08597977412676365,2.2728237761021193,0.11771005082295638,0.4265984393867245,0.43611471442141814,1.1170174149389671,-1.2983253253610958
84,0.6759766688765,0.6585553106973113,0.725067780942829,1.369851621205458,0.025019522778521052,0.041878773973909475,0.05167799527705077,1.0995932967464948,0.03211329035760449
85,-1.1110626788387226,-1.5170669964894878,-1.1195969152316942,4.490792364155979,-0.4200724637505768,-0.8662254583431798,-0.7786085976190077,2.7371311967525633,-0.006119940555222229
86,0.3846639673084484,0.22420625287464035,0.2346126831517255,1.6589213597617478,0.4171090473591885,0.16780243319391944,0.17347731825208607,1.2674300422573812,0.6403418957229248
87,-0.9301010996013988,-0.8200785030681694,-0.703103904124313,2.749097041582151,-0.33909592564729524,0.036414773019617874,0.04020914646789009,1.6066941807715145,-0.6160195711423386
88,2.468040910918285,1.8029422873773218,1.84214412474448,0.7158542792495967,1.6052540531815374,0.7171040098989693,0.7448458616985145,0.36371847965614024,1.901835295609226
89,-0.04988888736572322,0.11517094584647747,0.11754278498919,2.4608058592183175,-0.11284077661270615,0.05304994040580938,0.053828092194123864,1.2015583594517507,-1.5987032323424217
90,2.0820205139361248,1.5617424145882712,1.6290058731004624,0.8215805512683843,2.4487446746051496,1.9173354213984337,2.0255527357902756,-0.2249742714601031,1.327297013358693
91,-1.0192068622420594,-1.5819270033352952,-1.392448351073469,4.188397778047301,-0.3762953877520056,-0.721149061740891,-0.7382485682800793,1.9333600333497172,-0.131704043991385
92,1.903048654595382,0.7321406921671807,0.7608573599215311,1.4518774615333345,2.3557642148209945,-0.23299958169703866,-0.23733962828662705,-0.7627359116108613,3.514013541657716
93,1.7700606775569472,1.067535661759279,1.2157458850816505,0.9634255632670925,1.5798393704629097,0.5978990008750614,0.6036757354748213,0.09075689711752778,1.37849719051913
94,1.2764035665900626,0.7811009373649767,0.7881244484254633,2.0958316710691993,0.8667780659430576,0.04233054726211381,0.04270239222118744,0.8541449494011474,1.1901822096719223
95,1.3037380366237863,0.09570848608219833,0.09616641649679555,1.4556939658440124,1.7862775553752952,0.3419948342194766,0.37107262410049174,0.2974143636106507,2.849652682017281
96,0.4088780659988861,-0.42501720685418604,-0.48520064083529796,2.424957653480751,1.116115873775238,0.15687692637762715,0.1694404400953092,0.8378421306615524,1.3185807728731782
97,0.8808697374154993,0.8607403765433738,0.8640550442640862,2.5224528904558268,1.703690828514068,1.8095890468964737,1.9378224437753757,1.2557792664495842,-0.8377013388867818
98,0.28862000337850147,0.09867240008406024,0.12188886395927179,2.1912218487303985,-0.4921481838331793,-0.9000498281673012,-0.8699729190580656,1.6811058778927004,0.8036424614607123
99,0.6461017862340424,0.9121209493145457,0.9260993273485456,2.037020236302219,0.11645732437429326,0.5344348607553194,0.5905223776118067,1.7294771363041035,-0.7900631962563716
100,-0.3521779018158338,-0.7029824162355488,-0.7138447339915959,2.840686664376609,-0.5146254969520928,-1.0159121630795485,-1.1249079207648112,1.8371417712355311,0.7950453535566322
101,0.8284166299899134,0.6507301964751748,0.6186596479133829,2.0988863618151927,0.18679948473605557,-0.6172268826756533,-0.6321280607679579,1.5659846672288722,0.23936676899111037
102,-0.3751370189749339,-0.30447599347350207,-0.3049697948141107,3.631232177384471,-0.8846469152167858,-0.5055572915414577,-0.5362863487402174,2.2316927190157836,-1.3472086283676876
103,2.207606593489393,1.0679838987259267,1.0917096284222059,0.48824595306725627,2.267688000413254,0.7309781567445822,0.7001841698324742,0.0654159889606607,2.337555998190766
104,0.45916972282431096,-0.2134031699590059,-0.20629611814102217,2.1675843822815652,1.4197977785200284,0.41656961898625394,0.40254588426341253,0.5256701677259373,1.5077738695726848
105,-0.5476343039883249,-1.5702062523412506,-1.5916032863245246,2.56533081415259,2.033230439526414,1.2202255082115803,1.1880828024902519,-0.5823500605520902,1.6890769380888409
106,0.9582970061764885,0.8211419841236887,0.8361628994418249,1.3447688212829632,-1.780002148854039,-2.1146654212765865,-1.9783433769056513,2.800123447441284,0.5682564761827422
107,1.1679611877509706,0.8305367807998346,0.8231106639943714,1.3066242744723149,-0.31242758975346746,-0.7181723570434386,-0.5805377387790573,2.4816528475322377,1.4495396894783388
108,1.4145559292775303,1.2085568063518128,1.101174303757328,1.522273447260565,0.26725033395713227,-0.13961805767259616,-0.13966886666048173,1.123887340691612,0.4818104316301159
109,1.693861101735327,1.882398994305843,1.74115688223409,0.9024449282850993,-0.16343194994877028,0.1820179952397962,0.18701026128145856,1.2255236233980549,-1.2959877773392858
110,1.6921754116133438,1.505060878620512,1.6443391235952092,1.3889783177406343,0.527294508672485,-0.6888545312686845,-0.7217545965482447,1.187169864358474,0.9537717314685665
111,-0.29449908612205733,-1.6101315317807177,-1.7307968022561915,2.9779624347325298,1.4920482641425443,0.5634293800701405,0.5914155879870294,1.0646068082559181,1.107324027118569
112,2.406763422313258,2.1688751770734687,2.376758867189093,0.7443765201068318,1.1722133563992547,0.7620391846668341,0.7931003871699861,1.3597159397448122,0.7948553173610281
113,-1.0145771512758774,-0.9220718731919011,-0.9322791932031486,3.2513531639230653,-1.381409851286632,-1.4333129779648046,-1.361681461045646,2.885301465411565,-0.39170058654451706
114,0.5271603542104386,0.6821645446414775,0.7801477879735909,1.6240590641514396,0.9599497080783371,1.4185961278568717,1.4225914470021046,0.45636410966252733,-0.39445593857206024
115,0.32307479340199907,0.17202304824144254,0.17844514862806432,2.8873115019037745,0.09078841734760654,-0.26887015940057607,-0.24679594139608188,1.150069687186918,0.6758277883012256
116,0.36946057478186145,-0.4018737804526109,-0.410130077190061,2.1898035626651455,1.4683696135149022,0.6108190054515574,0.6130912294213342,0.6915039522318268,1.5530395828569807
117,0.6495781762307357,-0.525299398738781,-0.561857164820457,2.1521260968308566,0.3150637151870006,-1.1534853848419655,-1.0521639880056566,1.5582273390243542,1.8471416394267381
118,0.9646455124794032,0.13534198444490605,0.14377940155355548,1.5209983512387903,0.3584103866722763,-1.1005933740366032,-0.9709912766365482,1.441274995480521,1.9238216590689377
119,0.48145072308845915,0.18601613438447145,0.20521551311016012,1.850347774291527,1.1013114357684017,0.7660435122069312,0.7276738119146354,0.4840016293834716,0.6225999379262099
120,2.8241431030620787,0.7960765334992654,0.8130904084241104,-0.45720691873460406,2.5032130641352786,0.6268497414222105,0.7354622558593827,-0.4181915392932889,3.259933226250604
121,1.011043258784782,1.1532414085698792,1.14888161210166,1.561063576732063,-1.201912479155291,-1.4876569137012523,-1.5444613161302645,2.650690360536315,-0.17057142269137252
122,-0.7514595767119763,-0.8001639242679509,-0.7713832315785162,2.8938566116010054,-0.4558876863187745,-0.36031475552822806,-0.34261952682604335,1.7242331635025123,-0.18749382177343807
123,1.7183947873044068,0.329627237391729,0.3127653476931737,1.0135634291018636,2.88638601322391,1.5601780029653707,1.6331138604484028,0.0455013318154013,2.291969067473745
124,0.5051861348585424,-1.8168042060501308,-1.8533922932556328,1.9407462934175697,1.853535661422043,-1.8701127304091185,-2.0826486099199015,0.34065709026558577,2.8155774394368014
125,0.7265151943236193,0.40242955415724707,0.45071454843142,1.729218855287325,1.0176557804405315,0.3712835708822817,0.3941347656845755,-0.2447893264351201,1.583799981200538
126,-1.3488150809826815,-1.1044422246308536,-1.1453106668879902,3.294321255392249,1.805530695968769,2.078956561481563,1.8955390854757947,-0.28926747365386923,-1.5570327933339227
127,1.926717367004763,1.2002199069264146,1.2461633257696028,1.2734324646253303,1.4214119364676228,-1.20610515580323,-1.2216111720228495,1.0738153389430867,1.8604495806324073
128,0.351796986049553,-0.5413980262367702,-0.564429039514434,2.1507072648667522,0.8258681376708256,-0.4262464916470514,-0.4505685814500525,0.7266148047568504,1.7378373449574478
129,1.1760658376391049,0.5236678563637388,0.5475018883877835,0.6297190713415795,1.4486630342045053,0.9944383239159841,0.8204170894094044,0.6311887775155713,1.6236991297900767
130,0.8881742675347797,-0.12330540831997597,-0.1314251261129221,1.8675235070729996,1.9245749100285467,0.7245719473493143,0.8077344472787907,-0.11316644079518297,1.8225999808553779
131,-0.6572954583012163,-1.2375083482021438,-1.412133872692478,2.9221762170804357,-0.7061731164236975,-1.7143499834040195,-1.6619324503106927,2.5277543788219785,1.215256262932919
132,-0.3543805683846264,-0.7749105705292058,-0.8571084528294395,2.638773660488881,0.17251711274704437,-0.4367756831534467,-0.5322627347803758,0.8845279183404441,0.9571148472666191
133,0.19104023757700186,-0.7514881755891106,-0.7167700301858214,1.8760826001619086,1.3287050418374087,0.22716945141445907,0.23423716945166895,0.17006493484191665,1.9941663785888393
134,-1.2444556432432612,-1.481272139455751,-1.424871670578093,2.8528530008850255,-0.21005042655687187,-0.5699432951574498,-0.5600217862131911,1.8733344538006511,0.640558746409304
135,1.8701585745710476,0.8789763450839928,0.9847232897572865,1.0583006272594768,2.0119415964919685,0.46771015275960787,0.4678373170411986,-0.22227115387996618,2.7810354419580094
136,0.1323908137978587,0.06315446365920334,0.06195279822524265,2.369822745277876,-0.4820362081022779,-0.5181822888447091,-0.551703784358534,1.7179552840215684,0.0446029641121054
137,-1.3063211699943635,-1.774746785652383,-1.4518977806218607,3.5212708752645407,0.010195111301235514,-0.8169907651656169,-0.7820962495846627,1.7895564258351366,0.12253829524986501
138,1.5636994323094395,0.3014532351831081,0.32427295922016225,0.9973528072881047,2.527485738781163,0.7286881769946904,0.763316412210597,-0.8401513532479232,2.7235387009706025
139,0.18457817751699235,-0.8417599274472902,-0.8188444259488094,2.7730448068533633,0.12275169440947846,-2.738448476968929,-2.8035960507491273,1.955599381096873,0.9667287944995093
140,1.2452207471666397,0.17662846033143798,0.1777498827626155,1.7352213742641445,1.5986876628688282,-0.08463195471313074,-0.10799942746231725,0.04456980676881882,2.1385991178404553
141,1.2784965465037392,0.28893772488039315,0.33195778757298255,3.1553247220026566,1.149536038046895,0.1662585679517808,0.2106925639953632,1.1598843475165703,0.7691125202473772
142,1.4242216414441373,0.8436778210644248,0.8505202829400421,0.7794374811181354,-0.9227429960004879,-1.7440056663275716,-1.6561165815905774,2.8183475412837296,1.2983467509679079
143,1.9111556047057388,1.278804810117172,1.3112936533999997,1.2407357937523404,2.262298817668253,1.1792594329357655,1.2592611833837195,-0.5571315569961494,1.8445923755889937
144,-0.7224946019448923,-0.5170664453051741,-0.4367471048476431,3.2500721211659376,-0.6060195743707878,-0.49054701402637596,-0.4871279187705903,1.7004378332565246,-0.22343168823394444
145,-0.10760458761628196,0.07629400438626951,0.07970836626958404,2.510688202920565,0.36815976497470665,0.789087136955686,0.8430102105826083,0.8734053517519045,-0.35693105999056324
146,0.28782039091137696,-0.19594415679589183,-0.2053750448601606,2.0833859076056775,0.5978374049810409,-0.5976462078074786,-0.620370188191639,1.343187773471909,0.7877234020286553
147,2.4185296799192892,0.6580938301376272,0.6127352909826037,0.4906695226690552,1.8872408137921493,-0.7767398090076221,-0.7926953364962275,0.5244372077735625,2.80424295646546
148,1.5730892911951968,-0.3432281801289719,-0.3315661451181878,2.281234244671009,1.7526840949350293,-0.8692434063569712,-0.8896400792187541,0.9086612349803715,2.0901784416407163
149,1.5529068594324669,1.7912545654816585,1.7566847384798057,1.3858963170796568,0.9532232778866349,1.6689576284655014,1.5876420423777546,0.7921260568444707,-0.8006661639195342
