rep,ridge_cw_zero,ridge_cw_mean,ridge_cw_mean_nw,ridge_dm_zero,elastic_net_cw_zero,elastic_net_cw_mean,elastic_net_cw_mean_nw,elastic_net_dm_zero,mean_cw_zero
0,0.11381864820784846,-0.5821063572508426,-0.5680879970027627,2.2940860239023824,0.0073822719101675795,-0.7653264932658191,-0.7435666900998522,2.033004577353655,0.7675478344642989
1,-0.6539102005683854,-1.0660866343471493,-1.0446683941625436,2.877192369407872,-0.41800079815174873,-0.9499820677583408,-0.9334193984449426,2.571663948749133,1.123972215550411
2,0.9504007542768761,0.4051550519236818,0.3943666423206995,2.128564192374183,1.0721923266703064,0.5529543758240446,0.5366357467557891,1.6302499211102905,0.8766341672943213
3,-0.3045958472248659,-1.4841796185152016,-1.470061394569645,1.9726567906360066,-0.08559649360556434,-1.6306537395190974,-1.6060389382363216,1.657387692071021,2.207968539699055
4,2.626717494702774,0.6842286581500842,0.668540969670578,1.0899807531485055,2.9270181936084065,0.9278706486285128,0.9051597445639157,0.4726710228249141,3.4982193149819194
5,2.430351224986618,-1.3023888935780836,-1.2725413553105211,0.531379623041056,2.6469662178521434,-1.4217878293130288,-1.3883214209484198,0.08048464117645614,3.5234363742628934
6,0.4007738030802441,0.6999763249074645,0.6852426935692432,3.4464305575192244,0.27738180147441155,0.5997033816424848,0.5873522603561968,3.1116466681033597,-0.19140790849972794
7,-1.4165661677834156,-1.418131409250384,-1.39649801371621,2.899270195561621,-1.3991486620116995,-1.3959144408032524,-1.372084736598737,2.81395777320117,-0.6440680495476111
8,-0.8957851111990766,-0.7772269982432289,-0.7585654696687514,4.939490717557801,-1.5000373791381136,-1.4544249148869552,-1.4142155033184538,5.029545975918409,-1.3213437724128003
9,0.7450374985310931,-0.051335234915558615,-0.05084800635101901,2.141962896768231,0.41297023452544196,-0.638220672677842,-0.6307601658999463,2.0738735595765294,1.241593434189171
10,1.9109061457582657,1.379339041584272,1.3500571369394958,0.29605393813237446,1.6218525837414834,0.9510093560721353,0.9297347845077276,0.12919242665275746,1.57166260725835
11,0.9561527140036178,1.4204396314678798,1.378787833960141,2.77205606590297,0.9246846463374385,1.4377682935993032,1.397887054929463,2.2242835537563193,-0.7556615266072608
12,-0.07007284989935018,-0.3016938998253665,-0.2936869782258403,2.0177265426500623,0.12438499667124127,-0.1184121784067667,-0.11543094861653967,1.5828183275483145,0.4389423456258603
13,0.6514004389378435,0.2841838360015514,0.28347804724945025,2.408943038261979,0.6490333490702668,0.11783595930323232,0.1176175083836614,2.020624735241085,1.2092730694418985
14,2.500329580193627,0.12438419091491397,0.12093870493334266,0.5562279649329166,2.712410746166063,0.15916007211887354,0.15485498416415464,0.17369951013122303,3.1253331737214185
15,-0.234449493056161,-0.9868262456958102,-0.9607140940437542,2.8870152018298603,-0.7484736297223258,-1.8719459895258102,-1.8209014640432168,2.8416980666256295,1.3185776717157565
16,2.240805542488517,1.8317627142891146,1.784033362544692,0.43151384904945034,2.3659881263520077,1.907102951719745,1.8586390599349916,0.16646003018882896,1.2936555095076836
17,-1.066479178205223,-0.8987112472621845,-0.87496099517683,2.4885100805633247,-1.0811450731127488,-0.7752645748782544,-0.7550319493945375,2.165510147297543,-0.34272819596004495
18,0.20252269812840315,0.8665232008426174,0.8427429885641282,2.8688272788374887,0.5486476403373562,1.2806118043425436,1.2450623392721203,2.347435068706355,-0.4264907133566475
19,1.4498773970299335,1.6507865833193889,1.6236085451324431,1.8314120610316096,1.2812551308051063,1.5249387229663878,1.4997820922423433,1.6856220961340398,-0.09636409304907072
20,0.5132599272298868,-0.9879765926546106,-0.9702803281903997,2.1106590990690743,0.7787071414217456,-0.8687918382419436,-0.8512634851329371,1.5655796749946547,3.0204717455462293
21,2.201698232755265,0.6490836043923799,0.6337103386389404,0.9981820506166286,2.2166758518987035,0.5944729378241062,0.5804580013380157,0.6530572504166647,2.4334198961812077
22,1.428590698158464,1.2752975210557635,1.2452256311087406,1.489677873632094,1.5036919852116335,1.209376778104407,1.1775391359389842,1.235125918426355,0.4186424804328137
23,2.3267159324198246,-0.3188427573354855,-0.3121959638522026,0.9529269147551829,2.672387538375929,0.11551657467703448,0.11316854918208502,0.32937308084608174,3.5019949876491796
24,-0.5645310292314368,-0.4736295661667677,-0.4597489589342657,2.846194495784884,-0.9322888609595983,-0.8154852629795197,-0.7925825278188685,2.8431495834385836,-0.853715136115432
25,-0.35647480801169873,-0.28573274691158485,-0.2807766580586409,2.958945812834623,-0.1992288784908344,-0.12105320916236376,-0.11872211401545607,2.5566872952299575,-0.38462942728709826
26,2.8775704398695074,2.5859027434506845,2.5253136768965785,0.18544435573685797,1.9868600169137927,1.6909151907607294,1.671729402992926,0.5792418293257238,1.157216296472241
27,-0.12430458083253305,0.043207701527823314,0.04250525598494696,3.0423472970140066,0.06865934688803126,0.24533290168533944,0.24124025564418802,2.4355205782645832,-0.22190198535651928
28,0.3784876570729428,1.273914680825001,1.2468048844738062,2.4230134116831574,0.24156940867007703,1.2129954248883723,1.1883351463509844,2.1284036140734557,-1.7127396306421303
29,2.996672797996059,1.5274190761819848,1.489021822825738,0.8732622760277344,3.110208482164215,1.7671907308266614,1.720692873965654,0.13221649418883963,2.670773274914798
30,3.0245004788896557,1.3275862788409951,1.3104273866597882,0.7100168466188505,3.005478851039405,1.020849784890749,1.0070753972825075,0.4763234727074736,2.677205607690376
31,-1.4366742378117516,-1.2945366444872919,-1.2642015421590376,3.9307440594734557,-1.046021936895286,-0.7743887466040309,-0.7567533748260387,3.344012993930521,-0.5416051830607842
32,0.5506998737333123,0.4574174587024806,0.44458713626108787,1.9508387870259476,0.19591851558729928,0.12378643666626038,0.1206654083713813,1.6400239424864398,0.3276598699302289
33,1.4429738516043347,1.3482775157462152,1.3340669663249398,0.8611058496518795,1.6546331638634704,1.6243194383811075,1.6066158187757786,0.31865713053669187,0.7806092516275192
34,2.0352649840899573,-0.36274644236519904,-0.35555329282656084,1.2462865599025652,2.045316028349285,-0.5865946729408529,-0.5733430209047341,0.718067034559225,3.638328272643944
35,-1.1687884436596323,-1.6233317102008458,-1.581980857284021,3.668286073730643,-0.9898831517954185,-1.6153937948294772,-1.5774377747028971,3.162250452961353,0.9970133285276916
36,0.6250251956740286,-0.39655628555391176,-0.3854077507263946,1.9767348573838064,0.7223541844498679,-0.39947681984983824,-0.38764250213866397,1.668720943617812,1.4974530992467903
37,-0.15789617026901476,0.27338162904656216,0.2663358120645423,2.782540955155222,-0.7715301055781921,-0.4083746809369285,-0.39973825882467,2.920863118503238,-1.308394261027663
38,1.5734256570306548,1.5260266884416491,1.48704106081158,1.8840552341516716,1.2702972884448909,1.1900165838672723,1.1626802393895141,1.8157321655501941,0.5250875804457463
39,2.9970637440743753,1.5244818652099046,1.4943076222833096,0.20966283095869429,2.5206755442621573,0.5768206839239232,0.5680534297067371,0.24108870995974394,2.7513262586473943
40,0.4430654898628375,0.5374539343191858,0.5196528567607376,1.6801632562977267,0.30373206948531667,0.41479270835466886,0.4009420935038669,1.4984286717286457,-2.1902072134460586
41,-0.56962772430485,-0.43746360085825603,-0.42891090183009173,2.5819006563103617,-0.696202607171732,-0.6048320767145072,-0.5939632160480355,2.3150643633578674,0.06012452973632743
42,-0.18554422837328796,-0.6326872892010568,-0.6195012263003989,3.0876020108437765,-0.4287769171566432,-0.9719812146871858,-0.950760216170666,2.8184523484563777,1.1419021202543937
43,2.033960912034012,-0.4825176487216665,-0.46749267674779027,0.4774038857781399,2.501011561382291,-0.22189793444179795,-0.21500912687631102,-0.16428195804056203,3.161329892224328
44,2.8395491886995696,1.6314817198365246,1.5996180869228567,-0.03265485223348423,2.6616779320636996,1.1703331569143658,1.1456880400085798,-0.23290783099469717,2.5063362845596004
45,2.876462720070844,2.669653636305119,2.575436174365232,0.11991769287805248,2.954867933400876,2.6942656786575894,2.5966900524841225,-0.45614535383816024,2.0377983927866987
46,2.544232301389864,1.982195916034691,1.9358091309708856,0.9367974385410436,2.8150346501036543,2.26869090641324,2.213035035781021,0.3654698146231026,1.2685025051228456
47,2.7182179765840835,1.3084977886848812,1.27837799208192,0.015358004386348087,2.8724026171304886,1.2597816692550223,1.232276900092227,-0.1695711765252607,2.637971211666692
48,-0.9130035776613381,-0.7024673040384185,-0.6814065259349777,3.534142342193357,-0.6716689871899213,-0.2813039762014889,-0.27276031597662503,2.98645605712389,-0.7354744291645732
49,1.4021888607477768,1.9463644118106553,1.912422321419638,1.2204014793244962,0.8845674747726412,1.5568761194939227,1.532331372812516,1.2658991478566661,-0.999406423559044
50,-0.2083535312840407,-0.6115640234583138,-0.5905205984028336,1.8642140527407542,0.6638497406466349,0.10225276058001308,0.09941871164477305,1.0042650526569066,2.2929089439505956
51,1.131100572389756,0.7191117375896239,0.7082629100614034,1.340344348973055,1.0721782409736518,0.5649914768334363,0.5570139631640189,1.1950848538579202,1.3086937303862087
52,1.5960236053331536,-0.3255601201100645,-0.3191973684018823,1.667665287320927,2.268691611922352,0.13907002997635926,0.13635378438947543,0.719122431770837,3.0495010706209786
53,0.7447903154323919,-0.7574587504028641,-0.7386815790210031,2.896265325587536,1.0492254923715445,-0.5037086935054754,-0.49170043868354885,2.427036872444441,2.3884717433107974
54,2.767096084947128,1.0135848497522462,0.9915839909737808,-0.016256408996581977,2.899635584384844,0.9465796728797401,0.9257537118192934,-0.3256683183073854,2.7934898887261332
55,0.32189750282354224,0.4477326639976227,0.4322541565733391,1.8971445296465512,0.1710672239989983,0.31347910423054526,0.3023803156402798,1.6848383283247097,0.37831599282532474
56,0.9828653251289788,0.3678624098396095,0.35843067649825067,1.3642533057937258,0.8820256304637475,0.19989762582143294,0.19422177044401673,1.2370234550604664,0.9110005490175117
57,1.1071266454653892,-0.6172821614741703,-0.6080124609760109,1.27558103124435,1.2424854594242856,-0.7523647494381245,-0.7412233781733725,0.6585363384220468,2.4433956337497307
58,0.7272679938153038,0.686507162069124,0.6604073919838729,2.4015736483565164,0.728983203399027,0.7329160107768322,0.7050949362815518,1.887164079327011,0.45394564629533984
59,2.5839381584349326,1.469658089547197,1.4459973338168808,0.6897071064241256,2.800343267052432,1.7400028421474294,1.7121834108011211,0.15612440324455262,2.340606376111894
60,1.054248801253147,-1.2217046497530883,-1.2003615672616168,1.607712370407604,1.570157848121314,-0.5997167574480148,-0.5865734324226645,0.8227500051549855,2.684315491571569
61,1.6841791987405255,1.2776175196382755,1.2336780871853399,0.3783988963041965,1.903903411429843,1.480753246607376,1.4293663062840496,-0.04347972401255966,1.3336107398078618
62,3.6303560874909753,1.9770072132211087,1.9285506914908674,-0.13112446360602314,3.2508103649362914,1.419735386322967,1.3868684887062188,-0.07869961073072955,3.06905329643399
63,1.5385984306710183,1.5439249375151836,1.4988099419358734,0.49914516852252433,1.3164599505321077,1.3249514278689831,1.282069513785169,0.3568749308808906,0.3536269260858808
64,1.2580699237763686,1.1682194022649313,1.1498212742612228,1.79509580046819,1.1545604172873725,1.06400049297022,1.04422429747593,1.5284319253140521,0.6919161489136193
65,-0.16638519486161135,-0.02045401630897949,-0.0199017896746357,2.030796506494951,-0.23112728230137147,-0.07312623298230718,-0.07118762822573897,1.840667862768916,-1.0905343081346595
66,0.435837358767746,-1.5229974285158452,-1.4829510644267783,2.3855413677048802,0.9676259245734735,-0.8322856043594673,-0.8144456998251366,1.7266095555051997,2.0300015191965115
67,2.1336009145737633,2.6079091172999624,2.533086544433644,-0.031285865865015014,2.0351815984368735,2.5925266341039035,2.5121431151705234,-0.23691177609258596,-1.1944851953875624
68,1.7451508479540563,1.7919292767691686,1.7723490612972155,1.3717215952019204,1.392415972118958,1.4592132548359718,1.443748675132616,1.1717940399351374,-0.32540945412688693
69,2.3485786108262863,3.2592227302233736,3.139624756631334,0.7138836747292941,2.6049725178431573,3.684751312851259,3.549984737412509,0.17925459953439787,-0.8470397456280417
70,2.3390620245434213,-0.26217123214256555,-0.2532361979728221,0.8211083535548971,2.769397724378333,-0.06616234466953098,-0.06393077975418325,0.1717731426681497,3.7174990192709236
71,2.2469289395284067,0.8287636777157664,0.8039957254402267,1.748438725632259,2.3083840248399796,0.9304478682919729,0.8995066158754367,1.523296155052507,3.0212762314633133
72,0.3771197799431568,0.2892720339713917,0.2809969689452102,2.48163169446099,0.44611420230017085,0.415847925532754,0.4053767193953945,2.1945251366657916,0.42990796801262704
73,0.48407109970014595,0.5207065410701569,0.5150165793688163,2.4256000139824696,0.10208201560231071,0.18344045873549947,0.1818221196110114,2.4718477074574614,-0.46490945860915706
74,2.915132716941849,0.605401826759613,0.5940662240352697,0.7720782129535332,2.830022817663367,0.34652001063742094,0.3396363977181822,0.37118267953262235,3.168941342294153
75,-0.13679190563017665,0.04133239033555166,0.03989543702056083,2.160675190003986,-0.3271516309123579,-0.15184011463714814,-0.14630114313564635,1.951468652371699,-1.654254738594976
76,0.21214190761530255,0.21744895076756157,0.21111919306871058,2.5027201772481784,-0.05619480927366357,-0.04683873867152486,-0.045462103970077786,2.232613756708307,0.03929597885523638
77,-1.370120848270478,-0.9166845331297158,-0.8915651675745819,3.052384583803605,-1.491670082758002,-0.9415747637360418,-0.9161800989233216,2.7643408426604488,-0.9287709782211374
78,1.2045109600187023,0.2908316897476744,0.284592091544507,1.616777977018441,1.1432883003304581,0.13373152347748357,0.13063750881562322,1.4304729933476419,2.4395138400476273
79,-0.6044713620671289,-0.21921582870493383,-0.21346067481953962,2.306932379138023,-0.19771043419639078,0.27821558920264317,0.270430777420075,1.6920736695329275,-2.3687135833215467
80,-0.3733501783710512,-0.056155197931018724,-0.05437431878842704,2.1820012099437482,-1.6967814913442911,-1.6074987258967168,-1.557813184991926,2.7648358237550354,-0.7472619517196457
81,0.6610014581555279,0.6745634624030515,0.670016189555073,1.8166286708820636,0.6079630167807224,0.6619917157492619,0.6579513096309434,1.3961381416862793,0.04760505189239142
82,1.0308923457161148,-2.2045381048893917,-2.1438684316802856,1.9688878195380584,1.4221068098466378,-2.218095261491518,-2.1546763657280774,1.3639969291204168,3.0917291884665405
83,0.32496697076103787,0.3677057805676965,0.36249362000545493,1.9401604342708687,0.41624260486955383,0.46685465002870563,0.47127718491111786,1.863007538599303,-0.7215809615433912
84,-1.2185351698005746,-1.3828502708804746,-1.3532487579269767,2.492259821027633,-1.0623527971029902,-1.2777579083883932,-1.25301720064403,2.1223192356806346,0.8439848269028846
85,1.0888042485326328,1.086808813474982,1.052373664289486,2.4790568221889075,0.8989937629120339,0.902293894486501,0.8766866610489442,2.1414560697151375,-0.9177871758894441
86,0.17571704698754634,-0.8183531996187118,-0.808123606310995,2.525818922314973,0.17441899600664704,-0.8734007692348671,-0.8604127462788369,2.01553147567148,1.7864885571271538
87,1.2314719920973147,0.5999314000809159,0.5878442909144166,1.4038546933389489,1.3350708390207682,0.6984947561748794,0.6845544447783525,1.09438192665615,1.5358609254633404
88,2.4433852781065117,0.996345806838936,0.9825582417617522,0.3077969147232446,2.0227671372710776,0.25182521878709957,0.24672601503387162,0.17894125733778388,3.230227137049183
89,1.7712573274912577,1.6376191540421383,1.5946748499291492,0.35238638883073353,1.6340587832920597,1.4802713847884554,1.4431087428086973,0.31752106866877466,0.9004548631895042
90,1.8415310626675596,1.9735656116260292,1.9404268210484328,1.1390690310619076,1.5471749030862465,1.706319505250843,1.677397687597192,0.7309344579396763,-0.9444531977651458
91,2.58910497326558,-0.965098676555745,-0.9515080830241912,0.5923429638525538,2.635777541830749,-1.0736719513382265,-1.0562053167933496,0.20809271229032617,4.322546517817141
92,1.95770551926304,2.166651148778454,2.116305637906538,1.335789045712086,1.7148656371459874,2.009849054539693,1.9633987224837783,1.1273582880960817,0.5607600178644445
93,0.4402082737074731,-0.16424430017269862,-0.15975626208354643,2.201965789880939,0.561841972131852,-0.136256050368719,-0.13275707237740564,1.7742433643733704,1.5384900993144706
94,0.45751694948724625,0.8605098735097976,0.8376825471203155,1.7589153340913017,0.547284799294545,0.981553285835344,0.9532887810735899,1.4792305669767722,-1.5560853970311543
95,2.084398309832789,2.029427975759102,1.9842401749731722,0.5727823252135746,1.772227528971179,1.7107734518289714,1.6698517752362352,0.382128370426865,-0.1996044999517579
96,0.92639775048766,-0.11049008310014417,-0.10771356146202062,1.8522152379365442,1.1111340564657606,0.13117228767311734,0.1273458550963174,1.366460046593201,1.3876215928932116
97,0.04252213790970323,0.33131389713581766,0.3220464513748434,2.371660955547216,-0.24860281024910577,0.1514372731033071,0.14781256836684506,2.196065364079852,-1.210023276652692
98,-0.7518571428727663,-0.5854968836324319,-0.5767474003577148,3.3494950966949033,-0.7055866640169769,-0.4511457934322737,-0.4433313169668703,3.1330926606127676,-1.3157298678581129
99,1.5329621815548375,1.6345658888761119,1.5737970536586634,1.6606274445103402,1.6863891377050173,1.8151330117988245,1.7519488994215293,1.2609683723776877,-1.1836370723079717
100,1.1078621113561804,1.285969659390836,1.2588366425123418,1.6762145038963256,1.0063678474680497,1.2292355284653371,1.2044383867831447,1.4680039512191938,0.4665039222227951
101,0.8748791268012914,-0.5646494220595901,-0.5557623092097241,1.7790652003712688,1.0576647580337624,-0.3943467652650979,-0.3872426849078431,1.3831683871048523,2.4962353546831526
102,1.6802008321036888,1.8161113746270765,1.773537418366353,1.1117702148311914,1.7236998870967513,1.894665941419502,1.848861816261458,0.6950941602712282,0.5882864730719616
103,2.343681887692466,1.0348779066322944,1.0118947620292706,0.7082164829276314,2.377873105450089,1.0223553205890195,1.0019047843046347,0.4058037180537295,2.9407712677862725
104,-0.5923895646355379,-1.1749118179145046,-1.1390419073500888,2.8389854698999155,0.08564960553290975,-0.4243106681442476,-0.4126030252169726,2.0925557417484617,1.0377176663703636
105,-0.8195489033398003,-1.5712219629383666,-1.5400266081951137,2.384990063340757,-0.5332193111374682,-1.4272108461079285,-1.3985959988773704,1.8517712047000683,1.0098730787306565
106,0.8602623782019272,-0.37298325735906485,-0.36514389239695794,1.5607731330995758,0.848185247863777,-0.4050921511321029,-0.39437466522222714,1.1082632882243475,1.9086905141238235
107,-1.536507274368346,-1.9317551269175206,-1.8818597581422827,3.110150637785608,-1.3169438612146482,-1.7992440820141935,-1.7525826166465068,2.838366337949328,0.27190264406333503
108,1.2096044298992188,-2.385758473659651,-2.34561693465757,1.2947993891002139,1.70475462604203,-2.0810640477226388,-2.050431079972686,0.6496534235102299,3.733256202566362
109,-1.2215887305502886,-1.43925244063785,-1.4000898735656835,3.4355329818235307,-0.9915339567045235,-1.2219668958900645,-1.1893909419762723,2.8811175976705643,-0.1794210696638772
110,0.21761269018863902,0.5820784635529415,0.5880161726795,2.6666192385888037,-0.025887602666417448,0.35416239075087746,0.3576305449936841,2.4266159114576853,-2.2467605521655964
111,-0.3468773459760637,-0.3710875235057065,-0.36276880409159773,2.9907447924559776,-1.1719863504667807,-1.2756196494744378,-1.247874959645123,3.0017704668679257,0.14733465087425088
112,-2.672495029902759,-2.5014874822855413,-2.439677070521216,4.98177708610029,-2.6181987188245515,-2.428736431220387,-2.3624805537459115,4.556771238044572,-2.139340582790488
113,-1.1213868310251318,-2.126724678219867,-2.088477810314212,3.674007875288499,-0.6203900346790611,-1.8824654320902199,-1.8525695864951952,3.1185157708301765,1.0288260769957258
114,1.322612794403024,1.187730840348334,1.1635120677603528,2.8795142288390116,1.2884489811716364,1.147198937680844,1.1265938398198778,2.460825871120221,-0.4239367564425527
115,0.8347299625570263,-0.25559340801377867,-0.2488332375690786,2.658090536663169,0.9583390687717448,-0.17370297718811276,-0.16934864810869124,2.312806741072248,1.3747060461761715
116,-0.041004844014609826,-0.10425331884775271,-0.10186562027842583,2.0355024097978442,0.017078088279991986,-0.05141457353882445,-0.050204110356519595,1.9173662998996859,-0.169371459568847
117,0.5522343956106118,-0.09721789834618584,-0.09677453180340029,2.051464840302227,0.8771885620001176,0.21932943399704066,0.21782768788471626,1.3824993348668186,1.07955887689164
118,-0.23666864291896583,-0.2559940606161029,-0.2498530149890735,2.4485978282523972,0.22898205896629467,0.477602398371442,0.46518537030547197,1.6953722595303438,-0.2658827195081713
119,2.3732458837233104,2.3812298861165724,2.2944028685787132,0.09283631037954602,2.073685354294754,2.1048892236802077,2.035556032352152,0.2798924819727229,0.908778739076309
120,0.0740655074550173,-0.1947385930301655,-0.19006794145034397,2.53067444954397,-0.25026423788665225,-0.6394665922663674,-0.6206872316424914,2.2397551295890676,0.8512268710109822
121,-0.11091549702996088,-0.8101111300548398,-0.7973623778674768,3.0309071237338885,-0.35786560906674647,-1.1929055189543527,-1.1704490775093503,2.653544866283344,0.8228738385959571
122,0.986025880549857,1.2148525227283755,1.1914928612569256,1.3099853562660033,0.4393159864821526,0.6822296840197767,0.6679497087977418,1.4524403053125567,-1.184049047449089
123,0.04130199596275761,1.3000258223971544,1.2728717846605726,3.0275679009407623,-0.24068003661123602,1.0573905290192487,1.0323687930444225,2.8018613865641284,-1.4770053250054411
124,-0.0788925349992643,-0.691362623069961,-0.6792392424119341,2.6309188291158616,-0.5027747479290252,-1.3206134085160666,-1.2981514330724429,2.625275775121547,1.1987161006504536
125,0.21903518425814017,0.7166361120969642,0.7022527595074453,2.0753092583912935,-0.4060482984354382,0.10563659908902069,0.1034583056133819,2.2814649162705622,-0.9207038649596023
126,1.2607008366572743,1.3241665342516762,1.2822229007640165,1.9203780678597302,1.1432696058511513,1.313650639416605,1.2723027735269465,1.599301823464216,0.12514877433851831
127,3.0480819430407857,1.2177351137418981,1.2060891224350665,-0.5440803526383063,3.078636118421445,0.5737712440120994,0.5681960991144926,-0.8421952564346642,3.908659704495963
128,-0.3401950909993665,-0.30234898429820073,-0.29251141831149113,2.1029239344375155,-0.3100197078645562,-0.23183622974569448,-0.22426620508501402,1.8160721437721208,-0.663535701215599
129,0.18668788772499945,-0.8870978448685818,-0.8691922085747325,2.16465875845825,0.09526419470498765,-1.1999499528386195,-1.1762039769706383,1.927952495695037,1.1293838379972947
130,-0.6962817754893786,-1.1870320785406352,-1.1788905088249373,2.9777868644033045,0.02446548429975028,-0.6898159406378095,-0.682168051894512,2.0774576001791045,1.5033357041122366
131,0.5157531108821081,-0.29147696557297686,-0.2877054170934041,1.6345464327175026,0.9863944235755271,0.14860178895877213,0.14679357876695073,0.8903373588749621,1.3869214498303981
132,1.8684851656250658,1.024782052409536,1.0009170731541273,0.6592482800287871,1.4712649249778171,0.5269103190597602,0.5145816078058283,0.6664632954945711,2.1281561207337933
133,0.6991700707860196,-0.3694401267372169,-0.356079271138818,2.1881827231687074,0.8750036887504874,-0.3847050325317081,-0.37239782931053816,1.9464071006499286,2.371480288646681
134,-0.2876820898073084,-0.2880310718594944,-0.28293518775626875,1.6346861740054721,-0.2917969497354112,-0.29802161032572105,-0.29295551739919423,1.47412634938951,0.2964278912457189
135,1.4152790519512566,1.4657684401610538,1.4506592791736066,1.151324383100586,1.0392616617356696,1.0885280571648202,1.0805553063154951,1.17994937989032,-0.6364195010315611
136,3.957909653018953,-2.268375191434417,-2.2301779854350388,-0.5362352823651063,4.300503412152564,-2.1457691063527684,-2.1029177575006424,-1.1215642384406912,5.507709111077893
137,2.752666324981305,2.653772200831585,2.5656645357210297,-0.2863308193349336,2.8693127273298598,2.7842912733495875,2.6900661636446923,-0.7598572309823002,0.6871267029599635
138,0.721532528741181,-2.3862534892248757,-2.3533947880355592,1.510787153459289,0.985540787930639,-2.4167133721535765,-2.369974812311729,0.7125211997627693,3.0247098904927663
139,1.5894726425293078,0.8791628191803658,0.8672263127729741,1.1676564567308279,1.3647914408793407,0.48541769703444304,0.47716836550695496,0.8120455046236406,2.4032261685880854
140,1.6134369416263001,0.9197042110696303,0.8945939140806163,1.0305674261033073,1.253301353930503,0.39265769776673876,0.3818109536464717,0.9841482297979031,1.414631872324899
141,2.550844304948662,1.1668472507760714,1.1380956086514964,-0.3679805992449554,2.4203600010573676,0.5896947495264943,0.5766984260327203,-0.5068575675972773,3.0751849624210474
142,2.42972917810054,1.930575533800213,1.8950254893771505,1.0262224758690968,2.586669861850931,2.2804926352474024,2.235148340904004,0.5440313893954559,1.7777607944536062
143,-0.13187188881963766,-2.3452473027962415,-2.3123991934520216,2.516711976203508,0.6324340369667814,-1.701481660207655,-1.6775894161872322,1.5512282654131715,1.902814383106299
144,1.1215024354846115,0.8825705573355682,0.8612060896400127,1.1996458203999105,1.4678376614717847,1.3738385189490157,1.347738926159989,0.625118202097579,0.962347493031539
145,0.02958651880400516,-0.6065278845021881,-0.5985632403457405,3.150930728419919,0.3747229065162027,-0.4478152477128382,-0.4420401687377651,2.2146575886893207,1.3241563971879264
146,2.9152488623876556,0.35242825248953397,0.34632569293165305,-0.6182001664899436,3.014250178298435,0.1325868320293936,0.13068121232657184,-1.033128560320201,4.0195204668552975
147,1.5749180641470077,2.047714186077435,1.9932740722137192,1.4147451255452952,1.5557520293720855,2.1357255818263905,2.0837325260446766,1.3243028488819644,-1.4187629251668321
148,0.1901255288828046,0.20626916280867155,0.20437233736962854,2.6585947275953963,0.023432098668930937,0.03939059739882301,0.039008183634563605,2.6613127793074365,-0.5833577096994034
149,1.7537196445268206,1.177189779334559,1.1377855777634924,0.2248390677135065,1.890207544473779,1.309347191410681,1.2644916017282115,-0.05976448636359627,2.1237279753253215
150,3.5528018643708092,1.4569179537354384,1.426400307040625,0.15153367309812504,3.4943286062167385,1.3529650156098774,1.3224454736334665,-0.16267555178465018,2.9325993040587437
151,1.9109792142884061,0.26428201706953297,0.2558959958939823,1.253777484596839,2.1142437539773984,0.5496887679175783,0.5316925621784178,0.7662091387705322,1.917444894080548
152,-1.4348931305896304,-2.071677689581734,-2.0398168107045174,3.293659813967764,-1.2161862657345819,-1.9993064211023617,-1.9694939263685876,2.873464823827889,0.17347164952059282
153,0.9515564656266298,1.09094754881379,1.060494666841675,0.7224927211185728,0.40985888856206404,0.6075423611384644,0.5915519552087741,0.9046666483701797,-1.0777327721913328
154,-0.9130368696307621,-2.0997643133556583,-2.0196631741206548,2.5394015502554015,-0.42542774037299896,-1.795966959737193,-1.7307868253400713,2.2499234995402415,3.194524509688811
155,-0.19040303298918526,-0.14101946246806912,-0.137109235788403,2.8189621615919402,-0.2799620580633814,-0.21958981709385544,-0.2133894442154942,2.5435274790611153,-0.4410790458877527
156,1.5457796542002553,1.3335241051355504,1.2956260437000582,1.151679165402234,1.1880730490750424,0.9768801631232668,0.9493239775483605,1.0849163556628325,0.7122530026800468
157,0.3312074062043318,-1.4997157212372856,-1.4561054047923487,2.536318612939048,0.9853607367105407,-0.9805099251068458,-0.9542527505344169,1.7715320665798664,2.465259988814817
158,0.5158478679178891,-0.7034904279197726,-0.6776260093598113,1.8367440076466244,0.707298293775014,-0.7562830842967487,-0.7279227796861808,1.3778202391573742,2.896858601308336
159,2.3102599915786786,2.1878647045669677,2.1307370507353713,0.05837803055205744,2.320386005133319,2.1841448678641164,2.123185136104125,-0.24071478692008746,0.7012004738632136
160,-1.0568113507353982,-0.9376888568386517,-0.9063918255407801,2.1655678794144815,-1.2043927247927817,-1.0774499586150625,-1.0393814603177305,2.0765426417123045,-1.144151095491053
161,-0.8660358387117176,-1.1954303730288107,-1.1403479467132906,2.4897217124693545,-0.9247480312251982,-1.26869679361237,-1.2090779107299423,2.349587046805619,0.612478096992644
162,-0.17659319840760201,0.10158971906967304,0.10074250393539673,2.0911014194199056,-0.4263994000418161,-0.12375344116106596,-0.12251659571306543,1.8979639735237617,-0.8437010195538931
163,1.741252564009004,1.2682678843330377,1.230003739441565,0.9887758716201336,1.0552295003259742,0.3208366408237954,0.3126889289639627,1.144186165975961,1.2625046233338324
164,1.5943424826014099,1.6652848261775792,1.6179545444330834,0.9951570131069568,0.7599454467890082,0.8480286142152749,0.8261835000585018,1.3335366024315896,-0.1859994624574402
165,0.9994432231142057,0.9776562492156504,0.9470624470862038,1.2714680706857802,0.6589301257568443,0.6181775221799874,0.6000125406532483,1.315287174845727,0.1128420694745874
166,1.836365613549236,0.6989682238305598,0.6829873776121984,0.48970504139652216,1.9090883366272409,0.5743879674007731,0.5619361637478832,0.0014083970057667725,3.04217552962187
167,0.7415683746597816,1.0865876716034613,1.0644949667790742,2.224189226086643,0.6597037634581462,1.0022585414178136,0.9791098056886196,1.9832159434503662,-1.4950787156885437
168,-0.43840380898914355,-0.3234985605863901,-0.31472754282975884,2.800474697323089,-0.5967029095345705,-0.4694583112776846,-0.45666971216539015,2.5989423496340143,-1.2139767961648626
169,-1.6696336969118972,-1.8233822495390721,-1.7873605890618505,3.4048141845017397,-1.0417978230133405,-1.2527883051542765,-1.2281441880733388,2.7497424496766385,0.4078219344547846
170,-0.5403006882490293,-1.3661423956609706,-1.339259935427715,3.5246582048763324,-0.6323015125485947,-1.746426925696958,-1.7148244773122012,3.230837333292567,0.9844984944276945
171,1.9699965403444397,1.2823248831973753,1.2584917035022511,0.8076240000402672,2.021218681950655,1.2544340718781837,1.2298331419041546,0.5140354712184381,1.750012455371653
172,1.525630776862381,1.8191355511151313,1.7767114406757145,1.0870081178383946,0.922167667068691,1.2439317654329876,1.2181729385836557,1.2692488421674306,-0.6269199357642812
173,1.0925708932352722,-1.1238450191354388,-1.1018321263822703,1.0080611555830414,1.3670034759490035,-0.7761503701927364,-0.7583396795084297,0.5572524019291005,2.0924150828681207
174,0.42135053336676687,-0.5469508949648169,-0.5379330005974782,1.899384961933104,0.5218459501470926,-0.5953756799931237,-0.5847159388368529,1.1268195655780697,2.350860932243601
175,-0.5028614043953845,-0.24695008132887403,-0.2423093190605681,2.4019989530237558,-0.4716677984561012,-0.08838487190572678,-0.08667756610686718,2.0505280851335894,-0.684095701025044
176,2.5374831859606295,1.2499859949763914,1.2190793879767021,0.8782560073379186,2.4583661850618723,0.9797218912973551,0.9535597604260173,0.6910463065856145,2.163083353420564
177,3.216121388956732,0.18423863637283958,0.18029234779683914,-1.0997549467825074,3.255270544057269,-0.3537477924266837,-0.34555486653147155,-1.3783001894863278,4.274316735961436
178,-0.009632345086931999,-0.5401642182350223,-0.5336176349910443,2.9450917901455913,-0.18148955186086477,-0.8224644966564661,-0.8105587972882939,2.5400237791980183,0.49647624567517434
179,2.2414070926770604,0.2834603934175275,0.2758655096167448,0.9462168565051808,2.1333437988217883,-0.14792581615440406,-0.14408612138125118,0.6968832716038579,2.454533345136904
180,3.2503226839893005,0.5565013944506965,0.5437462079979151,-0.8811669589583444,3.5677526822529306,0.6175326205505187,0.6032438097492003,-1.4093058604196396,3.833765314679128
181,0.8417810923377073,-0.40680497708361585,-0.4043278202022642,1.466657307746212,0.8854762271770618,-0.512477902474386,-0.5097948713842315,1.1940511034784052,1.431679647657247
182,-1.3020820796212453,-0.8351424859192385,-0.8234768451710821,2.8611117120484963,-1.1513561636424405,-0.5638912342954832,-0.555081381805633,2.4767888229962325,-0.7642634582565901
183,1.138526046051267,0.3538573158044507,0.3449368342700288,0.9405240127005805,1.3833162948510167,0.6062499545649719,0.5914272665785228,0.4093585732230335,1.7071950304495627
184,2.622938686987788,0.09882458408400836,0.0963324332611723,0.44050576275454195,2.8908238492708653,0.42348350919411065,0.4120547944608204,-0.10095514600759627,3.2695078234168555
185,1.8559941168086636,0.8554059761992355,0.8451444779692927,1.5820194864574169,1.96565813922259,0.9098690393436816,0.8978152123351935,1.2560330343972363,1.856612474756938
186,-0.4866262324530239,-0.39475987778706556,-0.37874011658343776,2.3270660614112444,-0.504347103419106,-0.37648872696822594,-0.36059006010859157,1.998097751975481,-1.040874717069846
187,2.679724996061116,2.1141994953662255,2.049046812129053,-0.03601015712624557,2.3561288190410057,1.7475553833145778,1.6894743040472129,-0.07958881471946345,2.107288074104051
188,-0.5376635671035203,-3.3161485961061543,-3.25554655489556,3.0658051332953797,0.08553985465259338,-2.7489752655986854,-2.692678446964808,2.1869716189586694,1.127736705196498
189,2.9253888270657016,0.9634301045720984,0.942520762904896,-0.28613650754746756,3.0690561200195363,0.9585005773696824,0.9370223773602829,-0.6255491110720862,3.884216599159932
190,4.338305664113744,1.4377191400590212,1.403069348386977,-0.672195624989843,4.309782373743101,1.4164108738833379,1.3812003269697228,-1.0508322713439537,4.343828287057483
191,1.8331255833915552,1.7627400294038003,1.703722547354606,2.3848754129872662,1.7610070219453229,1.7127860185344115,1.659070382577187,1.8287433068667538,-0.2628601399064392
192,2.1865763646859686,1.4073215754385497,1.3597098628254265,0.5655269142296806,2.297870949494544,1.3495956220316716,1.3039175850099494,0.22098460841196846,2.9079433818924927
193,1.8749344925858304,-0.7252874560798039,-0.7054489820066749,0.7613454468723877,2.3428402108009916,-0.43689599653866956,-0.42556138821003275,-0.03449011005675692,3.86877101510413
194,0.39882118814194056,0.5434628217748166,0.5310393221642831,2.32172263837365,-0.29660699728842316,-0.1746190164689528,-0.17099419847007463,2.2515002024160764,-0.15664674540887769
195,1.6396937050562308,1.1328206733538813,1.123770636692624,1.8934919970447714,1.6381200694801747,1.157661174135495,1.1483533616174095,1.4791618309372359,1.556609580957904
196,-0.1731843763414881,1.6844711816815956,1.6323877486237248,2.715043563868442,-0.6645463498049832,1.396234950175923,1.352558194299592,2.9064412554173336,-1.7969723176904142
197,1.7346560449857027,0.25672748035753595,0.25154029247281,0.6551920783437615,1.9102373634766325,0.044916279196498696,0.04408492135046774,-0.051854892636350514,3.855476209965029
198,2.1237144638286867,2.411769797535223,2.338825288054241,0.16800955819641097,2.2494548737477573,2.553477937171449,2.472465980804043,-0.14987743782808513,-0.13411492024305702
199,0.8747127552343481,0.044432319297801434,0.04352546719373821,1.8430618305432753,1.1867743847445849,0.2850178595989289,0.2793211200266794,1.241988781179126,1.6021612231285947
200,2.5249596180760614,1.0646247102650828,1.0343521681448127,0.532068086024079,1.99571557941458,0.25537816859993284,0.2472002118590598,0.7221778054669542,3.0872393615125793
201,2.6229096531083336,2.368009096493212,2.3173410985256626,0.08134216416939878,2.4632508776170607,2.2160119267887244,2.1687650116517165,-0.1538014499996467,1.4716226894107134
202,-1.231636412493967,-1.2235339322576642,-1.1888826807134691,3.5399931719285074,-1.570128296453174,-1.5512203076011006,-1.5146546504584553,3.690678333856397,-0.7802058636786262
203,-2.0155898302183233,-1.6182382369455384,-1.5941881336726178,3.157899378121587,-1.9981982678384775,-1.5741303968334328,-1.5494968574543846,2.9306357887559544,-1.0640286473228304
204,0.19388842613836085,0.5977345725218636,0.5878199906479752,1.8855919446847995,-0.6812823974450158,-0.27229244170896705,-0.2682875117328011,2.2452511052421853,-0.5545463535956974
205,0.05411135831089723,-0.07508996591323522,-0.07264722417100807,2.4901084177356254,0.502634224587324,0.39380824525059815,0.3812239664981004,1.8643308001991243,0.16386544828720376
206,4.910244250235264,0.605342905793299,0.5940314424464868,-1.959880297693867,5.254683616084961,0.6996128626778687,0.6890649132781148,-2.484838277515048,6.7630765693502175
207,2.223805998302445,2.4804345302187554,2.3952672368123227,0.21108088966571176,2.175920971328086,2.472168660445693,2.3909125188974,0.04182222885907549,-0.4853369471361245
208,4.488131668994108,2.414365390641065,2.3483691615606164,0.4138341497577743,4.569523112660305,2.4029331689551934,2.33798370141022,-0.11166625153812183,3.7406466556298135
209,0.9322688436810481,-0.533696233811601,-0.5302390681155628,1.4682992689356178,1.0410367034162529,-0.719994942443135,-0.7175061648834106,1.090959898102119,2.086865946496319
210,0.9268222378170647,0.36959292720620146,0.35849085591517027,2.5967109728917404,1.0082174712717056,0.45749707923610533,0.4441475357935311,2.303241661856997,0.4805988676926262
211,0.916048090171547,-0.7818281822005508,-0.7696182090998822,1.7851867765258234,0.9679155792852038,-0.8672411969081242,-0.8518823390212211,1.5202079034747595,1.25167367396496
212,1.1173688494296432,-0.09107878011661072,-0.08939050092783421,1.2003781568178657,1.172369696576911,-0.17422530797608363,-0.17071181194350146,0.8347888461057236,1.8070481812679402
213,0.8493775122741472,0.20875079075373132,0.2051062087370006,1.5710718205922845,0.8711039068806828,0.24660180400646312,0.24202300474762214,1.2882169230310023,1.3609704449351332
214,2.977025956398093,1.6045021940030217,1.5754122625509044,0.25148941748920717,2.8068102811372797,1.4159879854242186,1.3914884561217933,-0.01497512133738467,2.411294411448879
215,1.5776123128976645,-1.4652255581704376,-1.4250081969851764,0.9542561599793631,1.3795477938591107,-2.1449871150653643,-2.070248659306502,0.9291507284838197,2.984929454143105
216,0.023662175638214412,-0.7436565363370221,-0.7186821400052036,2.641837479493771,-0.13742712971105245,-0.992000956646297,-0.959354886433636,2.4718913379116114,0.2679824078066582
217,1.2588236464397884,1.1452269869843597,1.1177697290572028,1.843937144745155,1.554902117188711,1.5654820383846155,1.5256691166582377,1.3960762288956143,-0.9733669276090341
218,-1.372373182556095,-1.1926670134727804,-1.1734624789785257,3.8366974726814624,-1.623659639139218,-1.446528163721688,-1.4180469672272746,3.5496163569841532,-0.9525348124100845
219,-0.1648666793689677,-0.3276951158312188,-0.3177611405827961,3.025764220533813,-0.3625723336568286,-0.6387416491617935,-0.6197049406624275,3.009729835066567,-1.0032798361152047
220,-1.014501030939394,-0.6476123864836664,-0.6291444440305204,2.4202047238210853,-0.7909422911787319,-0.34156728694207733,-0.3314392703589851,1.9401123036613646,-2.0426130053567566
221,1.9749542933638973,0.5662815061841494,0.5541996075887134,1.2539965469697139,2.0160251875799036,0.5678445350913821,0.5553474549122269,0.9254400664020255,1.940703913137809
222,0.008717478754732876,0.24280499504108657,0.2376266236381143,3.0191481733522423,-0.07022705629717092,0.20653775205483996,0.20231366184291252,2.7313931420896145,-0.5702697792966521
223,2.141978524765577,2.1153287109164323,2.023990622993654,1.330911341765908,2.245673901697101,2.2064415046331622,2.1127442832468324,0.7504480420891124,1.0314631058340176
224,2.9569150962956434,0.7133380292338395,0.6956329169989063,0.5366814495897909,2.9592588436322975,0.6181146989297855,0.6024117749931499,0.274711504108137,3.7554612066475412
225,-0.7457942182567135,-1.4735353971769456,-1.4206256045289167,2.6867142892971243,-0.35698144970171175,-1.2118315861242286,-1.168001434480386,2.2479269814956333,1.5696081112394156
226,1.812578431403271,0.791366171147854,0.7657434564685642,0.4892819834928268,1.6871337958833443,0.3145819173923089,0.3066140216303309,0.40720381613248147,2.902245425519954
227,-0.6313608711531844,-0.614873490054287,-0.6010812504625294,2.8173296632588785,-0.658341915633552,-0.6262130062296265,-0.6127414747535928,2.4275082456073522,-0.23601615868771797
228,-0.5226832882529971,-2.2966760428311317,-2.235119345960885,2.354545899110353,-0.04306578196289282,-2.602904472612572,-2.5348328078034066,1.7699170706770624,1.9089806153368691
229,3.3011562279549405,2.7883376089251737,2.7249150958968933,0.2132096102721808,3.2878930524787795,2.9350949944564095,2.863239883150397,-0.06743528328975723,1.4843794320995036
230,-2.940568420788628,-2.7281761986452624,-2.704238506374545,3.9032328131392466,-2.5728049949277763,-2.336405063766041,-2.3050365584696686,3.446902829934034,-0.9383648809553038
231,0.5685639272004606,-0.12192717130917412,-0.12003760395569267,1.7764110239191886,1.0139269620447204,0.2968271575774591,0.2923683021639658,0.9870664239933317,1.5312753618606383
232,2.707832128145956,-0.7248556993145009,-0.7036180309482055,0.45840964962994474,3.0733081761268863,-0.6012401222199624,-0.5841421380217455,-0.2988418768241583,4.47218966052331
233,2.7346828971601345,2.1293453618321223,2.075381465703812,-0.30930955478258576,2.7365981424876717,2.129303796101612,2.079392731398528,-1.0068905186997115,2.2349623596250128
234,0.25922504160451987,-0.3218775756714044,-0.31828264427194847,1.9986335577344216,0.5524791249531458,-0.020000745424598086,-0.019742516621783723,1.5748911629253557,1.015517117842561
235,2.633523096510072,2.7210029159617886,2.618296170590272,0.3043743271884764,2.598453531794321,2.7022188924479917,2.602270537434794,-0.013561034248738495,-0.19868650186043646
236,1.4183027714312397,1.6427435019207817,1.5840252882193784,0.016435008284791875,1.4957563190158552,1.7536390627426501,1.6947475596272377,-0.11607530173595897,0.16710767360633103
237,-0.5425847946642399,-1.4594170099219483,-1.4102287411068346,1.7919318073128871,-0.03573991853268604,-1.1628020951086153,-1.1343862952379686,1.112253594517194,1.100929276631209
238,-0.8621586522742198,-1.9091512845122867,-1.8475070578846566,2.5620931386316723,-0.5584229635954346,-1.697295126714321,-1.6447649751988709,2.0164886396831427,1.5378621031568744
239,-0.11195901853249064,-0.46395733063623357,-0.4535259371343634,2.0458633604524916,0.17349439996759197,-0.33530671020925545,-0.3289574944185672,1.8019226598601545,0.9622137213976648
240,-1.3133360368635687,-1.4846596072802145,-1.4467229540720612,3.0442224080080513,-1.1124932101303842,-1.2408863038511797,-1.206814769747688,2.7455168829406404,-1.2349462345574582
241,0.9904431188614229,-0.01948784105558318,-0.019304761714053875,2.342677188146229,0.7452206395983414,-0.5702462899736642,-0.5637761611964921,2.1506677255769797,2.51681614341817
242,0.4306836025656419,0.5229558694665093,0.504905871011115,2.178840774974705,0.23890862336605725,0.3555728950756813,0.3440747778449819,2.0321128519405556,0.1677851886827092
243,1.086451998152624,-1.1033905539535147,-1.0851174385851927,1.6392807190593102,1.2197226282179612,-1.1861016215986169,-1.162147355636133,1.2913566779495993,1.8953071009209514
244,-1.0660459671618094,-0.9382069828804536,-0.9143463706852517,3.1941093478511706,-1.0801675403937605,-0.9338978610790512,-0.909698628067433,2.9813813806327296,-0.5310628077538079
245,0.9551354138781281,0.6060736576563382,0.5926403989554446,2.513165046063875,0.6878375540013497,0.2585889906982789,0.2532065285615357,2.4290087398073696,0.9638515463302444
246,-0.013255595545878412,-1.1956653407621511,-1.1685904542428711,2.874102329614294,0.010734284134874122,-1.3334972377145213,-1.303092421860143,2.564241614777331,2.1144493014417907
247,0.783400512773052,-0.0697112600913399,-0.06834256893622796,1.2439552000940044,1.285166424442779,0.6134308453234557,0.6017951065321624,0.5994928553489243,1.261479867734325
248,-1.8272334061373516,-1.9632821993318208,-1.903803909149288,3.4709825614159797,-1.8110134997890734,-1.9393789788843703,-1.8791306712189375,3.3330810522113423,-0.6302220997943125
249,-2.3141383458303326,-2.078474989837371,-2.0118597029271448,3.5559267247715924,-2.3923064963296685,-2.130046340978401,-2.0601346362205093,3.351187785552802,-0.9494212626151356
250,1.1943998434165128,0.5530748968862929,0.5408720237498954,2.104056199474515,0.7394106130460102,-0.1846652404600294,-0.18049693010482706,1.9463440743469695,1.4537368832892208
251,0.8054621399649817,0.6285300109698442,0.6184610715932272,1.6065434305341697,-0.2775776581946061,-0.5819088924091017,-0.5783888507538939,2.239838770324949,0.8233074297512187
252,-2.3988708083496904,-1.6831044284342054,-1.6409066171099507,3.9022840781174635,-2.637240547352841,-1.9845855909173031,-1.929310572216923,3.841560618634437,-2.477446932525586
253,-0.17737887484741663,-0.8952355508622701,-0.8766928169287258,3.1613935442279115,-0.04791122248199673,-0.825093511804794,-0.8075012707030637,2.755558408188076,1.0785723161786593
254,3.34291738365587,-0.5424285748411296,-0.5333922913304143,-0.1585247481355458,3.6185774713031034,-0.3362972998230346,-0.3297124369243292,-0.8006675745485814,4.302743174622409
255,2.5761051790712584,0.5673620394397647,0.5504976371425672,0.5520246104420918,2.664360981212433,0.3077467352535081,0.29870074536151425,-0.034762092752969834,4.346745936759951
256,-0.5429238353318064,-0.817768465906239,-0.8094640102419761,2.803316380018678,-0.29385782543122524,-0.5422177272686416,-0.5346334863184198,2.3404295063837797,0.6277506614889348
257,-0.9197881281706864,-1.1006115142399109,-1.0745041662964152,3.689664733513402,-0.6950560021745318,-0.6788721782411258,-0.6614642372611771,3.175113237241587,0.8361754268736775
258,0.4485873437349072,-1.5273150015085102,-1.4746207300842842,1.3316830179458277,1.1560635259983096,-1.1742855932855867,-1.1441793632654365,0.6608979821605586,3.0171898975175333
259,0.45187413026819806,-1.1221726441169617,-1.0957259489721909,3.1416538583523654,0.6374807384634087,-1.4599433751984714,-1.4212196614352068,2.9130178353840703,1.2625499486671632
260,-0.1800927399850634,-0.9366643610024444,-0.921271771110282,3.905664144719093,-0.006866126962581786,-0.8233696144953632,-0.8108802006706288,3.263979331299837,1.0093513347587502
261,3.549334288350681,2.235242466961579,2.17240008618521,-0.4419953002373956,3.5518270717590976,2.2043978634039694,2.1409528322124545,-0.8232390884646209,2.9249151486574996
262,3.0015591051458044,2.0962081811460407,2.030646498798632,0.13479145611498564,3.251375949171777,2.3112925514055087,2.2386480835716416,-0.35154928332735874,2.2222517086900617
263,0.36670427649202364,-0.28965788988879465,-0.28380917614072065,2.02378659009698,-0.41171190082044323,-1.467789333776789,-1.434254885035402,2.2537138012377897,0.856551178072363
264,1.0611402664832374,0.9418015820025214,0.9220314541507584,0.9188993221223839,0.974554060852602,0.8275045604324772,0.8112083426035908,0.7266605056439741,1.0016647233117415
265,3.25682500285972,2.77523966703686,2.6992862348035516,0.4246933062375579,3.240357264889423,2.837456754897682,2.7585307969468493,-0.1725273947422868,1.569833978976942
266,0.5486037504596584,-1.3794871174269498,-1.3505300720986166,1.9428720810858795,0.4873144009426308,-2.212917570944468,-2.1574109939972046,1.7635905403331384,1.5813049400970343
267,1.3080293778902998,1.4273921578423225,1.3883763609121627,1.2467369478722548,0.9506246869018846,1.063795991323575,1.0347108378713004,1.1996376548511438,-0.10235951664201655
268,1.6061179605884832,0.744204756591824,0.7320484119027859,1.6442146196810117,1.4320905862704216,0.4670311911748374,0.45956224298487824,1.5797641874467963,1.4364245074701634
269,1.9736165681538511,-0.20566589816904918,-0.20213830639502697,0.0004394106176311652,2.295303993374167,-0.15244375320369913,-0.15067134130131704,-0.7128708269267046,3.4096935846395375
270,0.6703648089394983,0.8990813604953554,0.884885540189479,2.395492139414046,0.4294590080067651,0.6971915872216146,0.6868552300371153,2.193563298103352,-1.4342759573017614
271,3.016422409839119,3.1013193042845737,3.0014155380174667,-0.5411560833780426,2.854049076594779,2.964307190394356,2.866993787403365,-0.6558288013236226,-0.5410590527974168
272,0.7312362410865058,-0.2935202816718877,-0.28392759012893654,1.7314618971321787,0.9373190758485047,-0.18592914601291674,-0.17999848132285595,1.4153480085476902,1.5092703206933422
273,-1.2531366254614658,-1.5439406957875008,-1.4950390573181842,3.258263822164658,-0.9768457308904255,-1.242142464256355,-1.211473440577373,2.9347522973827345,-0.36620620085110783
274,0.4840151694779877,0.13630916107247548,0.13426414640749346,1.3305606592964838,0.5131011797553455,0.06949691111203546,0.06818307928358817,0.9365014577298963,1.424343904854979
275,3.4902076716699377,0.26783849080754285,0.2638100743803375,-0.5118178771709143,3.8175664328686736,0.5846076091385005,0.5755831599511209,-1.0721351263475016,4.143888448915114
276,2.6120507754100677,0.19151345354622945,0.18908118207854785,0.6953992215722132,3.0634418608359195,0.617877102113224,0.6103925067268808,-0.09010939953502761,3.077155362435941
277,2.224289626710735,-0.7397296230831539,-0.7248424727452357,0.4732795922662623,2.4809427936300184,-1.0456261119105523,-1.0249206747362183,0.09557476854494558,3.281590629448588
278,-0.43826143092214326,-0.8415071765542422,-0.8264493380615952,2.5600062881486836,-0.18620320434491727,-0.594464244499981,-0.5869516287554657,2.172256772832896,0.8787905643519739
279,4.120323150848913,1.878961840244195,1.8250098482285326,-0.39133605581702113,4.093765794761435,1.8930398942759614,1.8353726782249975,-0.8917963154872534,4.221488477367638
280,1.1368721348624784,0.35879173619862137,0.34915938241117683,1.6671341625975455,1.2146916630231255,0.5949407675209113,0.5784925860366371,1.254633693112316,0.7921057099956517
281,0.09203523419975439,-1.5108928650383437,-1.4741528380242304,2.469529114885556,0.25384407576713264,-1.567804276918515,-1.5321710547404406,2.1278638958085607,1.8509480082633332
282,1.6857773122948658,1.6332642591899598,1.5972022075742864,1.1475707797249328,1.27695251944587,1.2211132163416247,1.1937137477852038,1.3202788814483888,0.07667239808776034
283,1.1645140068321405,-1.6622355236634851,-1.6102570427812553,2.121711297176781,1.483978454890335,-1.7203915286880327,-1.6695848997410427,1.3773295202703733,2.759550279208145
284,0.37551078357046463,0.032389539646861774,0.03129496952486793,2.2645662123375625,0.45672272099612654,0.05110035509507692,0.04935817237234244,1.9960979840538433,1.6683418444018263
285,-0.1905112818721206,0.024949864384095664,0.024304155754387494,2.5106351235210536,-0.104939856751162,0.12927357419721683,0.12556059975588235,2.1345575602954625,-0.3690092916828627
286,-2.1722324526961736,-2.2469095692231607,-2.2129969843424204,3.7375392472869633,-1.7683790257768308,-1.9097173901341127,-1.87768147876151,3.0591653261587055,-0.6230683182592657
287,-0.8713276041049353,-0.7632418460738433,-0.7411102448224289,2.8622711685139817,-1.231969581764554,-1.1103643175632218,-1.0813398092742301,2.8659939233273883,-0.8347009136450121
288,-0.4717013757704427,0.05894764147934553,0.05770047340482895,2.699462156546946,-0.8303630438442406,-0.22071028990364064,-0.21631971555465385,2.51037725432784,-3.0993332550516293
289,-1.0654386622250362,-1.3064512045734935,-1.2658766738555234,2.219721395384721,-0.8390939217007056,-1.1348053112675298,-1.0998511184770743,2.22411659342283,0.8915889672417018
290,0.9539902798930625,-1.0327210763930024,-1.0025928240578637,1.2254504670913022,1.1119413158331075,-1.2404951905961716,-1.2046738187140698,0.8361250544685134,2.0107873571703503
291,0.9576228561517031,0.4833800651475062,0.47505281518163467,1.02886250737864,0.5929406496758375,-0.2064564693598696,-0.20382877758202309,1.0767669881435438,1.1557380837120417
292,-0.4810320603163847,-0.5717320425047837,-0.5621957240557649,3.0010804326720444,-0.3992210868209748,-0.5357078565221836,-0.5257199754115154,2.5079319460658773,0.5034991610102232
293,0.49828353433125344,-0.2052392231662068,-0.20160179551126864,2.386037985024798,0.43715925623787094,-0.47226571838710757,-0.4627209687485104,1.7895727809131494,1.819258894258726
294,-1.6158993493126408,-1.962110857344763,-1.9222871746127659,3.6438850630384776,-1.234582817716746,-1.4621289194986617,-1.4294793933627001,2.929626839103913,0.2763539190227866
295,-0.1594101732670741,-1.1843613228977021,-1.1547267117481232,2.5657685553786957,0.5587167521638671,-0.37574730030175024,-0.3662232253634486,1.6330264913227996,1.2435716080420138
296,0.9398645884850406,-0.07789221577692189,-0.07640484265451147,1.4214752344444364,1.0441171629445176,-0.11231051694632825,-0.10979378529657792,0.9117337433924078,2.258608427828529
297,4.02931913603412,0.36344455780340207,0.35761921610143294,-0.8787660457940631,4.008912965910125,0.014976022342519652,0.014697937097949396,-1.3220522094170637,4.789862991236819
298,-0.8393458083223025,-1.4136821700838205,-1.3974367428901815,2.89641687707191,-1.3335350328952524,-2.1092271309509716,-2.066113903763347,3.034991853246084,0.8515764142039051
299,-0.8776294444400488,-0.859387601919341,-0.8425492184956915,3.0409275460422758,-1.008538411933398,-0.9958382794244225,-0.9782145161961628,3.0087270402972264,-1.5957015457959192
300,0.20701478100537649,-0.08929474771481728,-0.08659227282302756,1.4776239213462246,-0.08042904333224292,-0.4695553883091864,-0.4572273300246019,1.6263751471473278,0.7467616934185943
301,0.6850558963695084,-0.46111535591626296,-0.44420740079822896,0.8536537109831572,1.2493578700312924,-0.2586566374162973,-0.24906422315312254,0.24544104236968273,3.1632135804649684
302,-0.5815980154455929,-0.1457544375039755,-0.14392289699453728,2.4491234216604734,-0.6732327200932562,-0.20982732668720716,-0.2070824041339586,2.052825005759843,-1.408341901279446
303,-0.8195716659373449,-0.7529329738451978,-0.7353992074644612,2.815976101974436,-0.8755824854415944,-0.7504177371018556,-0.7309549953304696,2.519093529862367,-0.8095344947526881
304,1.2083195248543444,0.6744985075496195,0.6611346397928275,1.7778023239671878,1.020750204342886,0.17986834946483382,0.1769208374346048,1.4278641869091018,2.1770685583253795
305,-1.3794213413302414,-1.3079087883727611,-1.2871831327789294,2.3748026461566614,-1.2184277089882196,-1.1685654737696678,-1.1512362307942334,2.129457934304198,-0.16691776786403814
306,-0.6453851684092639,-2.8903406351204777,-2.8452157940010396,2.6186565166175213,-0.343758818940542,-3.1952183970093513,-3.143707731592212,2.068436306022079,2.0643286103801737
307,-0.5792680742003405,-1.1308357179817177,-1.1082896632390493,2.7529172870998813,-0.4109604534890943,-0.9919736584059063,-0.9732963106800683,2.33424099532535,0.8728148342235026
308,1.4867167408857351,1.3684142737263223,1.3463102488728127,1.0791051995181329,1.0441409934003631,0.8786377316740179,0.8605444743814519,0.8567232376823267,0.5837051776499536
309,1.1781413303005064,0.6506263792605842,0.6302156705500177,1.3047973779833504,0.5062599173528622,-0.2900360847371761,-0.2821716903961376,1.6651597391877817,1.6687629416687217
310,0.9896978151313199,1.0376506223509938,1.0197062940344321,1.49500071188788,0.6091170377727676,0.658635676525713,0.6442284101073992,1.4856882662081732,0.06599327619621825
311,-1.65510812411933,-2.5057634045053896,-2.42139300632675,3.2802762357295703,-1.3388911215269885,-2.50108483221217,-2.41354077607286,2.7490092398184234,1.081043313206114
312,2.190788630797602,1.4585150679997603,1.4087767083798097,0.11714424866401218,1.92698703783726,1.041805462473884,1.0097119771055114,0.02513492774909293,1.9482785834259029
313,0.5420066510288971,-2.1883195320290922,-2.1359182798793097,2.4894552610644674,0.8511947333293738,-2.1392272240730104,-2.089621030711849,1.9831090003723317,2.495048416795692
314,1.6094251186878745,1.4327814199724627,1.3797316542728226,0.6008946827052948,0.7919999480245622,0.5040202748389354,0.48590629404422525,1.2247661308420112,0.5579289219276623
315,1.403125402679787,1.3379081114072398,1.3012555963282826,1.2917580978010508,0.09791383940579826,-0.2538828215457095,-0.24732708525259348,1.8435727165112106,0.2230864284631495
316,1.5226192689554747,-0.06745206890586433,-0.06567356189234003,1.5078624109064074,1.565893119711484,-0.17022488800989158,-0.16559541977551465,1.1174268050114142,2.5742718732907885
317,-1.3333943276124436,-1.392009401370533,-1.3927373190200796,3.726544805128489,-0.7325853582071293,-0.7590609955883582,-0.7627844070889469,3.0829683282194993,-0.3922081610004287
318,-0.660179995668919,-1.4721629273118653,-1.436868205504604,2.5284305990246,-0.37740980993929457,-1.5686574909978417,-1.5343493945121567,2.106950750700519,1.515851892667001
319,-0.36486171024436426,-0.8989829240079225,-0.875220010023569,1.9036112491945256,0.23148376509748061,-0.31220815526435647,-0.30468918011082324,1.0320706745308388,0.9643531507506881
320,0.7490424488852637,0.9389170763706847,0.9090228138716036,2.2165227227153346,0.6302967787365327,0.8733589042008908,0.8475733757374976,1.7954741221162849,-0.5022767807166144
321,-0.10619816899314484,-1.1458405150802078,-1.1176743276841532,2.146297169229105,-0.07286992079265649,-1.1633831169403226,-1.1327045172772043,1.8919190775837884,1.079141957482792
322,1.5149045983438043,1.675291146341866,1.6266545330990276,-0.040433776582861916,2.028662603081033,2.2745223913937718,2.206976524225315,-0.451240118136255,-0.23169660593129796
323,1.2092584793380847,1.3413650055863868,1.3115600384795545,1.9386274567446693,1.0821980006494087,1.2285722238205354,1.2010807318573262,1.7044945415589612,-0.5986658886516173
324,0.8458880486904136,1.3010612452990789,1.264729277900834,1.1022320442072542,0.9459800230248785,1.4930197959333606,1.4484481007734071,0.8348335074031303,-2.5928485121887452
325,-0.5964147659490419,-0.6929154508288335,-0.6787272262552564,2.3314717764715374,-0.7300879263636244,-0.8684521108108888,-0.8496178343496353,2.104658618052727,0.7082088413734834
326,-0.27040790855694846,-1.3250374043659712,-1.2900322946324465,2.0697461523144507,-0.2598140660680553,-1.5631920322635309,-1.5206778460686179,1.8048428428163388,2.3221755197807123
327,0.06945578483757342,-0.09489640429376427,-0.09250352409020501,2.4867465277811087,0.02872259287923191,-0.22642066190214613,-0.22112779780745093,2.172514046944993,0.23483080001682666
328,0.5847200778315216,0.1203041665889825,0.11709998690418108,1.287949487496997,1.0353704688747924,0.6266540349631535,0.6082437496834607,0.6090245344438552,1.0205900403215749
329,1.0431547430465762,-0.9797666152824324,-0.9562965036145106,0.9724030304303183,1.410851102940994,-0.7957874964211437,-0.7766464341436488,0.4162502295723305,1.9886344507854488
330,-0.14740630853560577,-0.6635930078722501,-0.643221914200276,2.1059239155048823,0.3614979346014046,-0.29877325529685017,-0.2911047250341787,1.5616562537097112,1.133699791037376
331,-0.21107452779637756,-0.2122850545449266,-0.20945983476648342,3.2627137670199358,-0.32058753133505946,-0.3442536235305657,-0.3392284742949908,2.930452437393969,-0.08252882277639573
332,0.7464017769749802,0.529077073406594,0.5196831349938001,2.5834443104120917,0.3606523101059176,0.039075237295154844,0.03837440576140169,2.5210325429458913,0.5429321087705492
333,-1.126548922202301,-1.0661751926383127,-1.034360616596774,2.903891280510702,-1.6962966186767388,-1.707685491030334,-1.6501251928190281,3.037295267674421,-0.8733786441486904
334,1.8002863167395897,2.0692952819363484,2.0311641866298307,0.7485175354238714,1.8888035495673752,2.2669872649964176,2.2262951613883275,0.1980525118051356,-1.233092605626912
335,2.694915207466183,0.49077524744803713,0.47739902218994607,0.6249204271679769,2.731626191051192,0.3326360892155162,0.32291049675701866,0.21862148065025191,2.9006024858734234
336,0.6091316017135509,-0.10429832685858376,-0.10181153904763124,2.038236698350911,0.46669341236019696,-0.46518389492589723,-0.454663207451323,1.783610573427755,1.2838730849020983
337,-0.4239791258578455,-0.8699179692553742,-0.8471769608501534,2.4472692603081203,-0.3405703824241589,-1.0712723296656206,-1.046428100589923,2.403409737868039,1.1445979592632156
338,1.082750930964141,0.5589855964793612,0.5466643688803327,1.376155500382153,0.5362434072354333,-0.1177460194689882,-0.11506024971488482,1.3857482096423634,1.9238106251704163
339,0.14274973000203672,-1.1811268749862291,-1.151543639825615,2.097789845034295,0.2975126115931794,-1.0693312352538527,-1.0419352904821262,1.6980841143231629,1.5382329449071699
340,2.4848645788744377,-0.9989356611052541,-0.9789150299972413,0.4078599330450476,2.6301517522024103,-1.0857196257889692,-1.0634121489270418,0.1503420651976392,3.8035953603338033
341,2.600496158518347,2.138481427394495,2.0670044418921534,0.37622696400852107,2.733652070903691,2.193333870396897,2.118326923509406,-0.14711538090150592,1.9488188261956794
342,1.0868109400661627,0.6730966394868284,0.6592783650738414,1.3251272909119194,1.1353868554304805,0.6905895875904381,0.6743439605037824,0.9516330018943182,1.1068891916140962
343,2.4125854975734864,-0.4111585167703878,-0.40009297811011085,-0.15863447262423783,2.530149406390419,-0.5717214953356787,-0.5548112802967636,-0.5123118488297693,3.891806571541849
344,1.8087212693442178,1.520472817317736,1.4823812848800708,1.5788526702139247,2.0111668257105366,1.7427154275182213,1.6970499510025434,1.10049839927837,1.163408561516417
345,0.29282077716331684,-0.22522269171045242,-0.2233367009523483,2.239412446325791,1.0006475864263704,0.4740617196238818,0.47078152877632906,1.3670053015761692,1.0691552430079576
346,1.231013454652154,1.2882120419002123,1.256321499906225,1.6948708953162557,1.0081821194444114,1.0583130827199092,1.031298589039753,1.5726785833956787,-0.3022878318557714
347,-1.6466341663055881,-1.8433456336053835,-1.8063795087020378,3.0840228163137566,-1.9549719905337706,-2.373485610966398,-2.3312117674755166,3.035432130058072,-0.5559954898001712
348,-1.429893861687148,-1.1435812753200105,-1.102790089833508,2.5266025453267673,-1.536688254851518,-1.2190013425995487,-1.1762453525584502,2.564054288457502,-1.0497736865516716
349,-0.05559002397644437,-0.21692924129287958,-0.2129358034945232,2.0510266707596503,0.08499556107556773,-0.04361260433585946,-0.04269509156805944,1.6284795050311103,0.14643973470909669
350,2.01489126738983,0.7554372704159309,0.7460424311688374,1.43567486240992,1.8318754867714855,0.3498363238220403,0.3464420199551667,1.2518766017635494,2.207421274159101
351,0.9201417424982591,0.3632176738599753,0.35309570283450015,1.9606128067777469,0.8533686548363086,0.0664489234747278,0.06481489230670018,1.6782850209883242,1.814600579505204
352,1.1142312243936994,1.158806488646176,1.1309650301548895,1.5396830884439834,1.3564979220267053,1.4421088279150864,1.4060775991052623,0.863852926774476,-0.29203896236183985
353,-0.6757808062345186,-1.5775808842423136,-1.5358775906940176,2.4434910637047107,-1.004396019719922,-1.9000455856106429,-1.8339417246712277,2.2927662558959625,0.5432456200989559
354,1.5627236921712009,0.7288051082534693,0.7261066082199971,1.6367335759576316,1.6119362974593587,0.7198617497025761,0.7163068359526693,1.2564432284581268,2.015172784123649
355,2.4276484064294297,-0.2476044787416395,-0.24437582335098468,0.7349435644861991,2.4387611645851455,-0.6023243011007059,-0.5973683428513931,0.39760442832551096,3.8794049989315544
356,1.6348384431876033,0.8538046259799773,0.8331701871903484,1.3298194911787211,1.6890906574172397,0.8239230236041474,0.8031589841328692,1.0945199192157011,1.8693222291857998
357,0.782660635693935,-0.47825505714299754,-0.4664147993821484,1.566326192514949,1.0430089418411321,-0.21656537289495958,-0.21107372622336631,1.0745998022886438,1.5880631492290813
358,-0.4484987666341513,-0.6075638680441489,-0.5996939335511473,2.7243914657527393,-0.18999877525809267,-0.4106067050457828,-0.404315055026421,2.223612303667497,0.1637793317514874
359,3.6753325623555866,0.9537152088318783,0.9520870487313118,0.024184012033278593,3.593101702393618,0.4135056803966564,0.4119383057039136,-0.7414878538225712,3.858123338423965
360,2.631044533604074,1.6128338219540463,1.5818632037554268,0.723356970409149,2.3927255211272556,1.266781746465868,1.2380438647359857,0.4131769772631279,1.9373393117364792
361,0.39261014891308754,0.6455172421004098,0.6270754544385461,2.1010734191767577,0.26311783426696733,0.5737629405984814,0.5583181128695809,1.8563259378886827,-1.7570191116114517
362,-0.4244335982718157,-1.994581774314736,-1.934353639375317,2.259549940582539,0.007626696545125969,-1.6697574042461996,-1.621428665248937,1.815870420178003,1.7571559809929396
363,2.483318325987437,1.6210731577640372,1.5694124287209696,0.47737010278064684,2.644747952266184,1.788200868374166,1.7311360925027124,0.09901905574350414,2.6146301449330576
364,0.821832019194668,0.05331703528087811,0.052563747645213495,2.148597816873038,0.9975827208034136,0.29380513341679526,0.2881501161932108,1.4790410754567516,1.5714130968873714
365,2.99529572541706,1.5053006812933623,1.463599621874294,-0.4163145337323571,3.181097004868129,1.590899454983026,1.5479357008932217,-0.9207757588832151,3.240985586193214
366,0.5272520197006334,0.2801493611701837,0.2751716619793661,2.3476029103755214,0.6173863466643619,0.37071697572272,0.3621773177128022,1.842387946297349,0.4444493728821172
367,1.1298503904684631,1.4310416390276706,1.4153229803994656,1.8223314493033242,0.6625289095063596,0.9975824988393265,0.9829561913947685,1.724865127644864,-1.0154657707248156
368,0.7208930865791923,0.6427239193775542,0.6253390367287383,2.099585819297189,0.4154170272716614,0.2919602852812275,0.28416283130934433,2.027906826302907,0.6208948211446988
369,2.847585505584613,2.8055524060325463,2.7369498687348,0.5361190326777464,2.780340320199462,2.7403989776099307,2.663624081236917,0.259083775338142,1.2588539481787715
370,2.265139825015663,1.6794905964065603,1.6371029202181133,0.4461938339854852,2.31562875596813,1.6505385901138185,1.6112159151561611,0.002456780695570813,2.5630873357442563
371,0.6595472940119699,0.40420559534776934,0.3954282400002756,1.6294398543559727,0.7393533627525337,0.4479162756846098,0.43794302266822016,1.2182232535299835,0.8466773698136657
372,1.616000397279573,0.09281340046328261,0.09053136829774604,0.4854759134083482,1.723428708393036,0.03043908738684661,0.029702142209161432,-0.003508632722066287,2.792903934970733
373,1.8581351764253011,0.6789477979183337,0.6619253280664043,0.43178460322279344,2.1134499849646886,0.8852396370137975,0.8616365562608849,-0.038299584308412925,2.4579191129708438
374,0.9835901704415378,1.0900503950017018,1.0591505789853408,2.258071996949169,0.9639258937650484,1.0847286864612264,1.0488154702882428,1.8358657471914495,-1.0729001523951167
375,-1.6466436427401712,-1.540511723608222,-1.5143789360563027,3.29320620481597,-1.43444425327166,-1.252727590815448,-1.2322382502748506,2.9160441892768696,-1.0907879463750636
376,-0.19898316097568677,-0.2843634372947669,-0.27715652759397064,3.0088891492822585,-0.3483016161696977,-0.41293165893870176,-0.40238652548140413,2.4750072963798133,0.3132001915394983
377,1.8394023601416567,1.924803254239555,1.8765257194934668,1.0164293455762665,1.639607774224644,1.743592518990118,1.6953460217799095,0.8922323587272605,-0.8788181645429844
378,-1.477017172263625,-1.393998871263954,-1.370792612189197,3.510972725334169,-2.085472517400573,-2.052060036417412,-1.9804764185766923,3.0534749328078776,0.002226990315258683
379,0.5487434201274021,-0.8825557655935649,-0.8633954045430132,2.062072376483092,0.525032972627633,-1.132661715664681,-1.1057413797100413,1.795787401765563,1.5243849467354695
380,-0.9631566359784595,-0.9584019760300142,-0.9169860042264831,2.4647489999774623,-1.6111372616441195,-1.5980944606761416,-1.5303645639759302,2.7114892879335586,-0.6584419205313933
381,0.02302680756285144,0.7132214321290886,0.7086841039733247,2.2677732909482806,-0.043623305858668124,0.7758664336872639,0.7660726942137372,2.08786081183294,-1.0942850195118778
382,-0.2626967285846821,-1.113623567612545,-1.0845739588246162,2.592892041735942,-0.33694298298999464,-1.347484421384058,-1.3063518005595784,2.366072098210171,1.6945371917053802
383,1.4413945730985627,0.01123105297984383,0.010979338351917296,1.4630615809113214,1.4557845091909443,-0.03559729443500619,-0.03480836650523386,1.06452406459996,1.650946044310265
384,2.2126712076009643,1.9001237543686322,1.8484988119624424,0.4826277247466014,2.441435129143948,2.0970367721600107,2.043016268465564,0.06780898747907621,1.1215405215661183
385,-0.11802564383857793,-0.5397635170856478,-0.5268431638312457,2.2137091604215398,0.15150956108684155,-0.21731923905848827,-0.21226068421115457,1.7510790910171112,1.3304972239685842
386,-0.7322472849012628,-0.9137115621847607,-0.8789545784553171,2.752036920611163,-0.8755211678998229,-1.1499630817274737,-1.1059812235354678,2.6308282308334023,1.1125426173203519
387,-0.5679156145939225,-1.6356466860119063,-1.598253966321538,2.6826605918966964,-0.5313181863474424,-1.7512987577315167,-1.7061223422249219,2.3336169642759916,1.5856855614194376
388,2.381564584838798,2.2385652582420956,2.188844028322184,1.1064449984796367,1.9903746470947479,1.4165134680595122,1.378178105582446,1.0707446102732339,1.9121136013061943
389,-1.688836920108626,-2.3761538068555317,-2.3156955878317116,3.4854964954269074,-1.4014913049809206,-2.140961078484161,-2.086511389817908,2.9181452149117737,0.33009426280164855
390,0.04695064111655026,-0.8741497501874967,-0.8574217248520707,2.1626331402851826,0.3333305490574527,-0.7135610000503335,-0.7008268748077368,1.7101326005175919,2.1288437158452886
391,1.0951144064431113,-0.865017835108895,-0.8540980584113553,1.8184137160735878,1.2140380478613881,-0.898351007239332,-0.8860197576441248,1.2676438498709555,2.1482050385983293
392,0.9708318965027762,1.0493447784111127,1.01561441927093,1.716853942505504,0.8278480097184052,0.9185545726647621,0.8881219043066302,1.4091061215948073,-0.941802806784799
393,-0.8552732620645676,-1.3503270818760824,-1.3040912150901662,2.8809011861391722,-0.5801319565288044,-1.0840381266674308,-1.0458560314192633,2.319894023637555,0.37170817351335594
394,2.733556623477871,0.591923708369531,0.5725107285708078,0.7430476324971482,2.5697275420262944,0.24555205421129014,0.23955318183124408,0.522967271590186,2.4419928461773552
395,1.6863746138336304,1.322611438539789,1.318475681973329,1.5241746441581077,1.4573431380211226,1.0151681606349674,1.005274404593903,1.396212804854756,0.5891824452139223
396,2.2007453108817985,-0.05282141043841816,-0.051473296321834096,0.6964820231059616,1.937137185603504,-0.6947405509539667,-0.6768635336793741,0.5096691435227433,2.694373579483939
397,-1.803995633784091,-1.38518151168476,-1.3508069280096022,3.089111045085983,-1.917635469686249,-1.3102402934048358,-1.2764642923099319,2.8954207633513396,-2.1230447685586946
398,-1.5909826240856313,-1.8847623992145994,-1.8317157182810855,3.3697112497230495,-1.3195970165302717,-1.6838292871676648,-1.635252521326016,2.849138864908973,0.018046912210131636
399,0.7309645491385461,0.05383922925638286,0.053369200973284195,1.2172123324707664,0.8963119763454872,0.147336647114848,0.14631676094766807,0.7490121918777258,1.5406740284920757
